station_day_id,date_text,station,city,state,latitude,longitude,PM25,PRED_PM25,PM10,PRED_PM10,NO2,PRED_NO2,O3_8H,PRED_O3_8H,CPCB_PM25_SUBINDEX,AEROVISION_PM25_SUBINDEX,CPCB_PM10_SUBINDEX,AEROVISION_PM10_SUBINDEX,CPCB_NO2_SUBINDEX,AEROVISION_NO2_SUBINDEX,CPCB_O3_SUBINDEX,AEROVISION_O3_SUBINDEX,CPCB_AQI,AEROVISION_AQI,CPCB_CATEGORY,AEROVISION_CATEGORY,AQI_DIFFERENCE,AQI_ABS_ERROR
alipur_delhi_dpcc_2026-06-24,2026-06-24,"alipur, delhi - dpcc",Delhi,Delhi,28.815329,77.15301,39.30434782608695,49.95964,162.2173913043478,200.28372,,25.552534,29.65125,35.967876,65.03148425787106,83.0352546428812,141.67464254449956,166.96703671448984,,31.940667629241943,29.65125,35.96787643432617,141.67464254449956,166.96703671448984,Moderate,Moderate,25.292394169990274,25.292394169990274
anand_vihar_delhi_dpcc_2026-06-24,2026-06-24,"anand vihar, delhi - dpcc",Delhi,Delhi,28.646835,77.316032,43.08708333333333,61.998734,225.6145833333333,330.77008,48.216251373291016,51.235626,56.673750000000005,38.36112,71.42300287356322,104.40946960449219,183.79760906040266,280.77008056640625,60.06657223823743,63.86014576447316,56.673750000000005,38.36111831665039,183.79760906040266,280.77008056640625,Moderate,Poor,96.97247150600359,96.97247150600359
ashok_vihar_delhi_dpcc_2026-06-24,2026-06-24,"ashok vihar, delhi - dpcc",Delhi,Delhi,28.695381,77.181665,27.791666666666668,45.245766,123.125,186.53969,27.273333333333337,27.413898,35.739999999999995,37.94456,46.31944444444445,75.07043167640423,115.7005033557047,157.83509478473025,34.09166666666667,34.26737308502197,35.739999999999995,37.94456100463867,115.7005033557047,157.83509478473025,Moderate,Moderate,42.13459142902555,42.13459142902555
bawana_delhi_dpcc_2026-06-24,2026-06-24,"bawana, delhi - dpcc",Delhi,Delhi,28.7762,77.051074,45.25,62.77523,121.125,208.12254,14.172916666666666,21.101574,18.54625,30.090696,75.07758620689656,107.0602693228886,114.37164429530202,172.17538114202102,17.716145833333332,26.376967430114746,18.54625,30.090696334838867,114.37164429530202,172.17538114202102,Moderate,Moderate,57.803736846719005,57.803736846719005
civil_line_jalandhar_ppcb_2026-06-24,2026-06-24,"civil line, jalandhar - ppcb",Jalandhar,Punjab,31.326,75.576,21.92124938964844,50.683514,68.5,95.10468,15.600833333333334,19.748438,44.99,54.54107,36.53541564941407,84.25835063539702,68.5,95.10468292236328,19.501041666666666,24.685547351837158,44.99,54.54106903076172,68.5,95.10468292236328,Satisfactory,Satisfactory,26.60468292236328,26.60468292236328
golden_temple_amritsar_ppcb_2026-06-24,2026-06-24,"golden temple, amritsar - ppcb",Amritsar,Punjab,31.62,74.876,47.742916666666666,43.0792,93.53624725341795,88.46612,13.339583333333332,51.813374,25.36375,53.489708,79.28975574712643,71.40968401678677,93.53624725341795,88.46611785888672,16.674479166666664,64.58603345430814,25.36375,53.489707946777344,93.53624725341795,88.46611785888672,Satisfactory,Satisfactory,-5.070129394531236,5.070129394531236
hardev_nagar_bathinda_ppcb_2026-06-24,2026-06-24,"hardev nagar, bathinda - ppcb",Bathinda,Punjab,30.211,74.945,19.41454545454545,35.13581,55.58090909090909,81.029434,23.548181818181817,22.773914,,48.20091,32.35757575757575,57.9880941982927,55.58090909090909,81.02943420410156,29.43522727272727,28.467392921447754,,48.20090866088867,55.58090909090909,81.02943420410156,Satisfactory,Satisfactory,25.448525113192474,25.448525113192474
mandir_marg_delhi_dpcc_2026-06-24,2026-06-24,"mandir marg, delhi - dpcc",Delhi,Delhi,28.636429,77.201067,,38.01532,107.45833333333331,171.28539,17.00166666666667,27.007988,41.91375,44.310207,,62.853471427128234,105.29110738255032,147.69968542316616,21.252083333333335,33.75998497009277,41.91375,44.31020736694336,105.29110738255032,147.69968542316616,Moderate,Moderate,42.408578040615836,42.408578040615836
model_town_patiala_ppcb_2026-06-24,2026-06-24,"model town, patiala - ppcb",Patiala,Punjab,30.3398,76.3869,27.630416666666665,37.753044,93.34541666666668,119.727425,13.749166666666667,17.087086,40.675,38.27478,46.050694444444446,62.41031594112002,93.34541666666668,113.4430539431988,17.186458333333334,21.35885715484619,40.675,38.2747802734375,93.34541666666668,113.4430539431988,Satisfactory,Moderate,20.097637276532126,20.097637276532126
mundka_delhi_dpcc_2026-06-24,2026-06-24,"mundka, delhi - dpcc",Delhi,Delhi,28.684678,77.076574,32.0,51.95385,162.91666666666666,207.22499,89.00695652173913,80.06127,16.834285714285713,19.469604,52.689655172413794,86.40478068384631,142.13926174496643,171.57902076260356,109.00695652173913,,16.834285714285713,19.4696044921875,142.13926174496643,171.57902076260356,Moderate,Moderate,29.43975901763713,29.43975901763713
murthal_sonipat_hspcb_2026-06-24,2026-06-24,"murthal, sonipat - hspcb",Sonipat,Haryana,29.0272,77.0621,,57.697792,,155.55144,5.780833333333334,16.35177,70.9675,52.69419,,96.11006243475552,,137.24558590882577,7.226041666666667,20.43971300125122,70.9675,52.694190979003906,70.9675,137.24558590882577,Satisfactory,Moderate,66.27808590882577,66.27808590882577
najafgarh_delhi_dpcc_2026-06-24,2026-06-24,"najafgarh, delhi - dpcc",Delhi,Delhi,28.570173,76.933762,24.625,35.54359,79.5,126.488396,27.07333333333333,23.380272,32.34625,42.60456,41.04166666666667,58.67710126679519,79.5,117.93524277450254,33.84166666666666,29.225339889526367,32.34625,42.60456085205078,79.5,117.93524277450254,Satisfactory,Moderate,38.43524277450254,38.43524277450254
narela_delhi_dpcc_2026-06-24,2026-06-24,"narela, delhi - dpcc",Delhi,Delhi,28.822836,77.101981,50.72249984741211,64.01856,153.24958333333333,200.66548,20.22208333333333,21.232687,34.7325,23.686502,84.32422388011011,111.3047472197434,135.71616610738255,167.2206890951067,25.277604166666663,26.54085874557495,34.7325,23.68650245666504,135.71616610738255,167.2206890951067,Moderate,Moderate,31.504522987724158,31.504522987724158
new_industrial_town_faridabad_hspcb_2026-06-24,2026-06-24,"new industrial town, faridabad - hspcb",Faridabad,Haryana,28.39072,77.30059,85.00125122070312,75.29113,174.98874999999998,132.52408,19.936250686645508,20.989834,14.12125,19.92896,182.93530589136583,149.78696125951308,150.16031040268456,121.9455285808384,24.920313358306885,26.237292289733887,14.12125,19.9289608001709,182.93530589136583,149.78696125951308,Moderate,Moderate,-33.14834463185275,33.14834463185275
nise_gwal_pahari_gurugram_iitm_2026-06-24,2026-06-24,"nise gwal pahari, gurugram - iitm",Gurugram,Haryana,28.42501,77.14819,28.29304347826087,49.717453,139.72181818181818,163.79375,6.708749999999999,12.272289,82.82375,73.029366,47.15507246376812,82.62604128081223,126.72791946308725,142.72201978440253,8.385937499999999,15.340361595153809,82.82375,73.02936553955078,126.72791946308725,142.72201978440253,Moderate,Moderate,15.994100321315287,15.994100321315287
patti_mehar_ambala_hspcb_2026-06-24,2026-06-24,"patti mehar, ambala - hspcb",Ambala,Haryana,30.3776,76.7769,24.793750762939453,50.100025,122.77249908447266,120.82889,23.96583333333333,23.10875,16.18375,32.352764,41.32291793823242,83.27245633355503,115.46629133800532,114.1748986980259,29.957291666666663,28.885936737060547,16.18375,32.35276412963867,115.46629133800532,114.1748986980259,Moderate,Moderate,-1.2913926399794207,1.2913926399794207
punjab_agricultural_university_ludhiana_ppcb_2026-06-24,2026-06-24,"punjab agricultural university, ludhiana - ppcb",Ludhiana,Punjab,30.9028,75.8086,41.82624816894531,48.666245,83.65666666666667,116.38415,46.432498931884766,42.273514,69.27374999999999,53.16279,69.2926262164938,80.8498614081021,83.65666666666667,111.22168199167956,57.82544737595778,52.60005579239283,69.27374999999999,53.16278839111328,83.65666666666667,111.22168199167956,Satisfactory,Moderate,27.565015325012894,27.565015325012894
punjabi_bagh_delhi_dpcc_2026-06-24,2026-06-24,"punjabi bagh, delhi - dpcc",Delhi,Delhi,28.674045,77.131023,50.72249984741211,56.66229,153.24958333333333,207.22499,20.22208333333333,19.34551,34.7325,21.329668,84.32422388011011,94.36041878009664,135.71616610738255,171.57902076260356,25.277604166666663,24.181888103485107,34.7325,21.329668045043945,135.71616610738255,171.57902076260356,Moderate,Moderate,35.862854655221014,35.862854655221014
r_k_puram_delhi_dpcc_2026-06-24,2026-06-24,"r k puram, delhi - dpcc",Delhi,Delhi,28.563262,77.186937,30.0,43.649815,112.70833333333331,160.81506,43.48041666666666,34.562042,63.2925,33.296005,50.0,72.37382467861833,108.77936241610738,140.74289452469588,54.11642094017093,43.202552795410156,63.2925,33.29600524902344,108.77936241610738,140.74289452469588,Moderate,Moderate,31.96353210858851,31.96353210858851
rimt_university_mandi_gobindgarh_ppcb_2026-06-24,2026-06-24,"rimt university, mandi gobindgarh - ppcb",Mandi Gobindgarh,Punjab,30.651,76.293,32.68260869565218,44.963497,90.96333333333332,101.016464,19.640416666666667,26.287678,42.56,39.120667,53.84302848575713,74.59349520453091,90.96333333333332,101.01093932286204,24.550520833333334,32.85959720611572,42.56,39.12066650390625,90.96333333333332,101.01093932286204,Satisfactory,Moderate,10.04760598952872,10.04760598952872
rohini_delhi_dpcc_2026-06-24,2026-06-24,"rohini, delhi - dpcc",Delhi,Delhi,28.73282,77.11992,50.72249984741211,61.536873,153.24958333333333,201.71423,20.22208333333333,20.459553,34.7325,20.926237,84.32422388011011,102.83277287976495,135.71616610738255,167.91751078151216,25.277604166666663,25.574440956115723,34.7325,20.926237106323242,135.71616610738255,167.91751078151216,Moderate,Moderate,32.201344674129615,32.201344674129615
sector_11_faridabad_hspcb_2026-06-24,2026-06-24,"sector 11, faridabad - hspcb",Faridabad,Haryana,28.37606,77.31574,100.5818181818182,88.993286,221.6291304347826,168.5148,25.067916666666665,25.00131,15.16375,13.28491,233.71034482758628,196.56328714304956,181.14955646337904,145.8588275269374,31.33489583333333,31.251637935638428,15.16375,13.284910202026367,233.71034482758628,196.56328714304956,Poor,Moderate,-37.14705768453672,37.14705768453672
sector_30_faridabad_hspcb_2026-06-24,2026-06-24,"sector 30, faridabad - hspcb",Faridabad,Haryana,28.450124,77.3085,47.72368421052632,58.762463,99.20157894736842,144.57039,30.081052631578945,30.49061,,15.822829,79.25725952813067,97.90898855801287,99.20157894736842,129.9494529570509,37.60131578947368,38.11326265335083,,15.822829246520996,99.20157894736842,129.9494529570509,Satisfactory,Moderate,30.74787400968249,30.74787400968249
teri_gram_gurugram_hspcb_2026-06-24,2026-06-24,"teri gram, gurugram - hspcb",Gurugram,Haryana,28.423,77.1465,58.93000030517578,63.791817,141.35625000000002,155.00787,35.93000030517578,38.292576,37.275,42.094807,98.19206948115908,110.53068463555698,127.81388422818793,136.88442604013738,44.91250038146973,47.86571979522705,37.275,42.09480667114258,127.81388422818793,136.88442604013738,Moderate,Moderate,9.070541811949454,9.070541811949454
vikas_sadan_gurugram_hspcb_2026-06-24,2026-06-24,"vikas sadan, gurugram - hspcb",Gurugram,Haryana,28.45,77.026,178.38250000000002,100.332085,237.9349975585937,182.8886,,21.343319,40.32,26.463045,345.03773255813957,232.85780623863482,191.98365609597835,155.40920109076788,,26.67914867401123,40.32,26.463045120239258,345.03773255813957,232.85780623863482,Very Poor,Poor,-112.17992631950474,112.17992631950474
alipur_delhi_dpcc_2026-06-25,2026-06-25,"alipur, delhi - dpcc",Delhi,Delhi,28.815329,77.15301,53.5,40.45762,211.25,142.94032,12.418888888888889,25.160137,32.33375,33.840103,89.01724137931035,66.98011437777815,174.25335570469798,128.8663890249777,15.52361111111111,31.45017147064209,32.33375,33.84010314941406,174.25335570469798,128.8663890249777,Moderate,Moderate,-45.386966679720274,45.386966679720274
anand_vihar_delhi_dpcc_2026-06-25,2026-06-25,"anand vihar, delhi - dpcc",Delhi,Delhi,28.646835,77.316032,55.65909090909091,51.36089,272.7613636363636,292.3858,60.21636363636364,48.155895,38.78285714285715,36.718548,92.66536050156739,85.40288214847959,222.76136363636363,242.38580322265625,75.14363636363636,59.99074016473232,38.78285714285715,36.71854782104492,222.76136363636363,242.38580322265625,Poor,Poor,19.624439586292624,19.624439586292624
ashok_vihar_delhi_dpcc_2026-06-25,2026-06-25,"ashok vihar, delhi - dpcc",Delhi,Delhi,28.695381,77.181665,41.333333333333336,37.28546,166.66666666666666,146.77927,32.598751068115234,27.42919,34.49,44.988438,68.45977011494253,61.62026240907866,144.63087248322148,131.41709643882393,40.74843883514404,34.286487102508545,34.49,44.98843765258789,144.63087248322148,131.41709643882393,Moderate,Moderate,-13.213776044397548,13.213776044397548
bawana_delhi_dpcc_2026-06-25,2026-06-25,"bawana, delhi - dpcc",Delhi,Delhi,28.7762,77.051074,62.458333333333336,40.550003,165.0,140.75513,15.720416666666663,16.493364,19.01875,23.810287,105.97844827586208,67.1362120529701,143.52348993288592,127.41448032455956,19.650520833333328,20.616705417633057,19.01875,23.810287475585938,143.52348993288592,127.41448032455956,Moderate,Moderate,-16.10900960832636,16.10900960832636
civil_line_jalandhar_ppcb_2026-06-25,2026-06-25,"civil line, jalandhar - ppcb",Jalandhar,Punjab,31.326,75.576,16.578750610351562,28.573557,51.696666666666665,62.623463,17.021249771118164,17.044651,45.42125,43.41245,27.631251017252605,47.62259483337402,51.696666666666665,62.62346267700195,21.276562213897705,21.305813789367676,45.42125,43.41244888305664,51.696666666666665,62.62346267700195,Satisfactory,Satisfactory,10.926796010335288,10.926796010335288
golden_temple_amritsar_ppcb_2026-06-25,2026-06-25,"golden temple, amritsar - ppcb",Amritsar,Punjab,31.62,74.876,48.12708333333333,25.074913,93.62625122070312,65.09598,18.456666666666667,41.79811,24.29625,46.41982,79.93886494252874,41.79152170817058,93.62625122070312,65.09597778320312,23.070833333333333,52.002754798302284,24.29625,46.41981887817383,93.62625122070312,65.09597778320312,Satisfactory,Satisfactory,-28.5302734375,28.5302734375
hardev_nagar_bathinda_ppcb_2026-06-25,2026-06-25,"hardev nagar, bathinda - ppcb",Bathinda,Punjab,30.211,74.945,18.91909090909091,33.53961,55.52181818181818,64.95827,17.22041666666667,26.802677,,57.336357,31.53181818181819,55.29106824151401,55.52181818181818,64.95826721191406,21.525520833333335,33.50334644317627,,57.33635711669922,55.52181818181818,64.95826721191406,Satisfactory,Satisfactory,9.43644903009588,9.43644903009588
ito_delhi_cpcb_2026-06-25,2026-06-25,"ito, delhi - cpcb",Delhi,Delhi,28.628624,77.24106,41.00708333333333,36.00916,123.47250366210938,118.725,47.02333333333333,44.8823,49.49875,47.57304,67.90852011494252,59.46375156271047,115.93139505066327,112.77701240897979,58.56777777777778,55.87776321019882,49.49875,47.57304000854492,115.93139505066327,112.77701240897979,Moderate,Moderate,-3.1543826416834833,3.1543826416834833
mandir_marg_delhi_dpcc_2026-06-25,2026-06-25,"mandir marg, delhi - dpcc",Delhi,Delhi,28.636429,77.201067,30.39999961853028,34.372772,157.54166666666666,147.2562,23.691666666666663,28.104223,30.4325,49.224,,56.698822021484375,138.5679530201342,131.73398195817168,29.61458333333333,35.13027906417847,30.4325,49.2239990234375,138.5679530201342,131.73398195817168,Moderate,Moderate,-6.833971061962529,6.833971061962529
model_town_patiala_ppcb_2026-06-25,2026-06-25,"model town, patiala - ppcb",Patiala,Punjab,30.3398,76.3869,31.21583333333333,40.893646,92.1624984741211,103.98903,14.109565217391305,16.755693,40.03142857142857,46.366474,51.36468390804597,67.71685054384429,92.1624984741211,102.98599908815935,17.63695652173913,20.94461679458618,40.03142857142857,46.36647415161133,92.1624984741211,102.98599908815935,Satisfactory,Moderate,10.823500614038252,10.823500614038252
mundka_delhi_dpcc_2026-06-25,2026-06-25,"mundka, delhi - dpcc",Delhi,Delhi,28.684678,77.076574,42.75,42.40151,185.0833333333333,150.63437,112.59666666666668,79.994934,18.33,22.17849,70.85344827586206,70.26461752529802,156.8674496644295,133.97854040773123,132.5966666666667,99.99363512870593,18.33,22.178489685058594,156.8674496644295,133.97854040773123,Moderate,Moderate,-22.88890925669827,22.88890925669827
murthal_sonipat_hspcb_2026-06-25,2026-06-25,"murthal, sonipat - hspcb",Sonipat,Haryana,29.0272,77.0621,138.3504761904762,47.799335,278.28789473684213,152.3248,5.736249999999999,18.496508,77.31,54.28401,314.31548172757476,79.38508408645103,228.28789473684213,135.10171181083524,7.170312499999999,23.12063455581665,77.31,54.28401184082031,314.31548172757476,135.10171181083524,Very Poor,Moderate,-179.21376991673952,179.21376991673952
najafgarh_delhi_dpcc_2026-06-25,2026-06-25,"najafgarh, delhi - dpcc",Delhi,Delhi,28.570173,76.933762,22.291666666666668,25.02183,93.69565217391305,101.03492,24.36124992370605,21.387762,34.035,39.910137,37.15277777777778,41.70304934183757,93.69565217391305,101.0232017056254,30.451562404632565,26.734702587127686,34.035,39.91013717651367,93.69565217391305,101.0232017056254,Satisfactory,Moderate,7.32754953171235,7.32754953171235
narela_delhi_dpcc_2026-06-25,2026-06-25,"narela, delhi - dpcc",Delhi,Delhi,28.822836,77.101981,68.83333333333333,45.826286,206.0833333333333,142.66167,23.212083333333336,20.071562,18.145,22.000307,127.74137931034481,76.05131136137864,170.8204697986577,128.6812417459168,29.01510416666667,25.089452266693115,18.145,22.000307083129883,170.8204697986577,128.6812417459168,Moderate,Moderate,-42.13922805274092,42.13922805274092
new_industrial_town_faridabad_hspcb_2026-06-25,2026-06-25,"new industrial town, faridabad - hspcb",Faridabad,Haryana,28.39072,77.30059,67.47541666666667,48.758232,136.46333333333334,97.757225,20.02083333333333,21.504965,14.24125,22.903189,123.10573275862072,81.00528874890557,124.56288590604026,97.7572250366211,25.02604166666666,26.881206035614014,14.24125,22.903188705444336,124.56288590604026,97.7572250366211,Moderate,Satisfactory,-26.80566086941917,26.80566086941917
nise_gwal_pahari_gurugram_iitm_2026-06-25,2026-06-25,"nise gwal pahari, gurugram - iitm",Gurugram,Haryana,28.42501,77.14819,32.18333333333333,44.39261,125.2691304347826,141.13509,6.022916666666667,14.563862,81.89875,75.84298,52.99942528735632,73.6288904650458,117.1251269331777,127.66693637515075,7.528645833333334,18.204827308654785,81.89875,75.84297943115234,117.1251269331777,127.66693637515075,Moderate,Moderate,10.541809441973058,10.541809441973058
patti_mehar_ambala_hspcb_2026-06-25,2026-06-25,"patti mehar, ambala - hspcb",Ambala,Haryana,30.3776,76.7769,33.96125030517578,54.229618,126.8312530517578,115.01475,24.206249237060547,26.450111,21.785,30.09459,56.003491894952184,90.25004432941304,118.16304732969142,110.31181217680042,30.257811546325684,33.062639236450195,21.785,30.094589233398438,118.16304732969142,110.31181217680042,Moderate,Moderate,-7.851235152891007,7.851235152891007
punjab_agricultural_university_ludhiana_ppcb_2026-06-25,2026-06-25,"punjab agricultural university, ludhiana - ppcb",Ludhiana,Punjab,30.9028,75.8086,42.39791666666667,45.598217,84.79416666666667,85.94265,49.489583333333336,43.780853,63.88625,60.32527,70.25854885057471,75.66595287980704,84.79416666666667,85.9426498413086,61.666399572649574,54.49389257186498,63.88625,60.32527160644531,84.79416666666667,85.9426498413086,Satisfactory,Satisfactory,1.1484831746419246,1.1484831746419246
punjabi_bagh_delhi_dpcc_2026-06-25,2026-06-25,"punjabi bagh, delhi - dpcc",Delhi,Delhi,28.674045,77.131023,68.83333333333333,42.538944,206.0833333333333,146.90042,23.212083333333336,20.299938,18.145,21.444294,127.74137931034481,70.49683682671909,170.8204697986577,131.49759525580694,29.01510416666667,25.37492275238037,18.145,21.444293975830078,170.8204697986577,131.49759525580694,Moderate,Moderate,-39.32287454285077,39.32287454285077
r_k_puram_delhi_dpcc_2026-06-25,2026-06-25,"r k puram, delhi - dpcc",Delhi,Delhi,28.563262,77.186937,42.63636363636363,36.577026,156.52173913043478,144.84174,54.09041666666667,37.072655,67.05875,39.029556,70.6614420062696,60.42325144800647,137.89028304639626,130.12974394727874,67.44693376068376,46.34081840515137,67.05875,39.02955627441406,137.89028304639626,130.12974394727874,Moderate,Moderate,-7.760539099117523,7.760539099117523
rohini_delhi_dpcc_2026-06-25,2026-06-25,"rohini, delhi - dpcc",Delhi,Delhi,28.73282,77.11992,68.83333333333333,42.97237,206.0833333333333,145.31367,23.212083333333336,16.852596,18.145,20.497002,127.74137931034481,71.22917714612237,170.8204697986577,130.4433142130807,29.01510416666667,21.06574535369873,18.145,20.49700164794922,170.8204697986577,130.4433142130807,Moderate,Moderate,-40.377155585577015,40.377155585577015
sector_11_faridabad_hspcb_2026-06-25,2026-06-25,"sector 11, faridabad - hspcb",Faridabad,Haryana,28.37606,77.31574,125.86541666666666,59.52093,241.8840909090909,113.04353,24.835833333333337,25.046787,15.22625,16.254078,304.73392441860466,99.19053899830786,194.60755033557047,109.00207918922374,31.044791666666672,31.308484077453613,15.22625,16.254077911376953,304.73392441860466,109.00207918922374,Very Poor,Moderate,-195.73184522938092,195.73184522938092
sector_30_faridabad_hspcb_2026-06-25,2026-06-25,"sector 30, faridabad - hspcb",Faridabad,Haryana,28.450124,77.3085,49.62916666666666,52.246197,105.8062515258789,118.27923,30.15041666666667,30.327442,12.168333333333337,16.262913,82.47686781609195,86.89874622739595,104.1934154433692,112.48082948211055,37.68802083333333,37.909302711486816,12.168333333333337,16.26291275024414,104.1934154433692,112.48082948211055,Moderate,Moderate,8.287414038741346,8.287414038741346
teri_gram_gurugram_hspcb_2026-06-25,2026-06-25,"teri gram, gurugram - hspcb",Gurugram,Haryana,28.423,77.1465,57.66666666666666,56.23512,142.35125,129.58456,35.99208333333333,40.924786,36.84250000000001,44.758034,96.05747126436779,93.63864911835769,128.47499161073824,119.99242856838559,44.99010416666667,,36.84250000000001,44.758033752441406,128.47499161073824,119.99242856838559,Moderate,Moderate,-8.482563042352652,8.482563042352652
vikas_sadan_gurugram_hspcb_2026-06-25,2026-06-25,"vikas sadan, gurugram - hspcb",Gurugram,Haryana,28.45,77.026,,82.519455,,147.85117,,20.460094,40.3425,31.273914,,174.4629669189453,,132.12929806293258,,25.57511806488037,40.3425,31.273914337158203,40.3425,174.4629669189453,Good,Moderate,134.1204669189453,134.1204669189453
alipur_delhi_dpcc_2026-06-26,2026-06-26,"alipur, delhi - dpcc",Delhi,Delhi,28.815329,77.15301,32.0,48.297733,121.33333333333331,162.09131,,19.34802,32.785,38.441917,52.689655172413794,80.22720455301219,114.51006711409394,141.59086946833054,,24.185025691986084,32.785,38.441917419433594,114.51006711409394,141.59086946833054,Moderate,Moderate,27.080802354236596,27.080802354236596
anand_vihar_delhi_dpcc_2026-06-26,2026-06-26,"anand vihar, delhi - dpcc",Delhi,Delhi,28.646835,77.316032,40.59782608695652,59.605133,199.90625,314.42172,42.76499999999999,47.087418,45.10875,42.444294,67.21701649175412,99.3328110267376,166.7162332214765,264.4217224121094,53.2175641025641,58.648293910882416,45.10875,42.44429397583008,166.7162332214765,264.4217224121094,Moderate,Poor,97.70548919063287,97.70548919063287
ashok_vihar_delhi_dpcc_2026-06-26,2026-06-26,"ashok vihar, delhi - dpcc",Delhi,Delhi,28.695381,77.181665,26.89583333333333,44.72133,120.04166666666669,164.71358,19.34000015258789,26.253082,39.61,41.34035,44.826388888888886,74.18431407007678,113.6518456375839,143.33318221329043,24.175000190734863,32.81635284423828,39.61,41.34035110473633,113.6518456375839,143.33318221329043,Moderate,Moderate,29.681336575706524,29.681336575706524
bawana_delhi_dpcc_2026-06-26,2026-06-26,"bawana, delhi - dpcc",Delhi,Delhi,28.7762,77.051074,37.59090909090909,53.962154,97.9090909090909,168.81851,9.759583333333332,17.080248,22.020000000000003,32.438633,62.13636363636364,89.798122932171,97.9090909090909,146.06062204245754,12.199479166666665,21.3503098487854,22.020000000000003,32.43863296508789,97.9090909090909,146.06062204245754,Satisfactory,Moderate,48.15153113336663,48.15153113336663
civil_line_jalandhar_ppcb_2026-06-26,2026-06-26,"civil line, jalandhar - ppcb",Jalandhar,Punjab,31.326,75.576,22.94083333333333,41.27349,71.82333333333334,102.48567,18.206666666666667,22.747776,45.98625,48.76798,38.23472222222222,68.35865704766636,71.82333333333334,101.98712434704672,22.758333333333333,28.434720039367676,45.98625,48.76797866821289,71.82333333333334,101.98712434704672,Satisfactory,Moderate,30.16379101371338,30.16379101371338
golden_temple_amritsar_ppcb_2026-06-26,2026-06-26,"golden temple, amritsar - ppcb",Amritsar,Punjab,31.62,74.876,45.08833333333333,39.920067,87.92041666666667,116.65101,24.20375061035156,52.46955,48.27875,51.67389,74.80442528735632,66.0718370634934,87.92041666666667,111.3989922952332,30.25468826293945,65.41046162140675,48.27875,51.67388916015625,87.92041666666667,111.3989922952332,Satisfactory,Moderate,23.47857562856653,23.47857562856653
hardev_nagar_bathinda_ppcb_2026-06-26,2026-06-26,"hardev nagar, bathinda - ppcb",Bathinda,Punjab,30.211,74.945,18.964166666666667,35.711437,83.46958333333333,80.5365,20.26749992370605,24.90267,,55.6585,31.606944444444448,58.96070427730166,83.46958333333333,80.5364990234375,25.334374904632565,31.128337383270264,,55.65850067138672,83.46958333333333,80.5364990234375,Satisfactory,Satisfactory,-2.9330843098958326,2.9330843098958326
ito_delhi_cpcb_2026-06-26,2026-06-26,"ito, delhi - cpcb",Delhi,Delhi,28.628624,77.24106,27.22208333333333,41.129604,86.22208333333333,135.92107,46.841251373291016,40.341652,56.515,45.19247,45.37013888888889,68.11553836690969,86.22208333333333,124.20258766532744,58.339008135673325,,56.515,45.19247055053711,86.22208333333333,124.20258766532744,Satisfactory,Moderate,37.98050433199411,37.98050433199411
mandir_marg_delhi_dpcc_2026-06-26,2026-06-26,"mandir marg, delhi - dpcc",Delhi,Delhi,28.636429,77.201067,16.36842105263158,37.609592,115.0,155.21477,18.803749084472656,24.678064,40.50125,45.744617,27.280701754385966,62.16793204998148,110.30201342281879,137.02189247080145,23.50468635559082,30.847580432891846,40.50125,45.7446174621582,110.30201342281879,137.02189247080145,Moderate,Moderate,26.71987904798266,26.71987904798266
model_town_patiala_ppcb_2026-06-26,2026-06-26,"model town, patiala - ppcb",Patiala,Punjab,30.3398,76.3869,37.67772727272728,37.515236,119.93499755859376,104.39547,13.862083333333333,17.08942,40.61,45.351803,62.2830564263323,62.008502039416086,113.58097153222002,103.25605031467924,17.327604166666667,21.361775398254395,40.61,45.351802825927734,113.58097153222002,103.25605031467924,Moderate,Moderate,-10.324921217540776,10.324921217540776
mundka_delhi_dpcc_2026-06-26,2026-06-26,"mundka, delhi - dpcc",Delhi,Delhi,28.684678,77.076574,25.58333333333333,56.036884,133.0,169.99788,98.29499816894533,79.8689,20.14625,28.097921,42.638888888888886,93.30370107190362,122.26174496644296,146.8442283476759,118.29499816894533,99.8352801983173,20.14625,28.09792137145996,122.26174496644296,146.8442283476759,Moderate,Moderate,24.582483381232947,24.582483381232947
murthal_sonipat_hspcb_2026-06-26,2026-06-26,"murthal, sonipat - hspcb",Sonipat,Haryana,29.0272,77.0621,56.30125045776367,57.799595,102.36833333333334,164.737,5.998333333333334,17.910496,108.57125,62.89491,93.75038870449724,96.28207410615066,101.9091610738255,143.34874464201448,7.497916666666668,22.3881196975708,112.18736940298508,62.8949089050293,112.18736940298508,143.34874464201448,Moderate,Moderate,31.161375239029397,31.161375239029397
najafgarh_delhi_dpcc_2026-06-26,2026-06-26,"najafgarh, delhi - dpcc",Delhi,Delhi,28.570173,76.933762,23.33333333333333,39.304142,79.08333333333333,123.8333,20.81624984741211,21.73187,42.65875,45.13126,38.888888888888886,65.03113647987102,79.08333333333333,116.17111728335387,26.020312309265137,27.164838314056396,42.65875,45.13125991821289,79.08333333333333,116.17111728335387,Satisfactory,Moderate,37.08778395002054,37.08778395002054
narela_delhi_dpcc_2026-06-26,2026-06-26,"narela, delhi - dpcc",Delhi,Delhi,28.822836,77.101981,39.0,55.254707,122.625,164.94908,17.092500686645508,15.310733,8.035,25.536024,64.51724137931035,91.9820917063746,115.36828859060402,143.48965812529494,21.365625858306885,19.138416051864624,8.035,25.53602409362793,115.36828859060402,143.48965812529494,Moderate,Moderate,28.121369534690913,28.121369534690913
new_industrial_town_faridabad_hspcb_2026-06-26,2026-06-26,"new industrial town, faridabad - hspcb",Faridabad,Haryana,28.39072,77.30059,79.14375305175781,86.94281,142.51625061035156,136.56358,20.100416666666668,21.792742,14.22375,26.33438,162.93901903875943,189.5633860620959,128.58462288875708,124.62949499347866,25.125520833333333,27.24092721939087,14.22375,26.334379196166992,162.93901903875943,189.5633860620959,Moderate,Moderate,26.624367023336475,26.624367023336475
nise_gwal_pahari_gurugram_iitm_2026-06-26,2026-06-26,"nise gwal pahari, gurugram - iitm",Gurugram,Haryana,28.42501,77.14819,29.48958333333333,44.905605,143.5850067138672,164.50117,5.5441666666666665,13.669771,87.7175,77.10697,49.14930555555555,74.49567794799805,129.29473600451578,143.19205582381895,6.930208333333333,17.08721399307251,87.7175,77.10697174072266,129.29473600451578,143.19205582381895,Moderate,Moderate,13.897319819303164,13.897319819303164
patti_mehar_ambala_hspcb_2026-06-26,2026-06-26,"patti mehar, ambala - hspcb",Ambala,Haryana,30.3776,76.7769,41.001666666666665,46.049442,141.08791666666667,111.20839,23.72249984741211,24.85008,21.89625,34.96402,67.89936781609195,76.42836800936995,127.63559563758389,107.78275529490222,29.653124809265137,31.06260061264038,21.89625,34.964019775390625,127.63559563758389,107.78275529490222,Moderate,Moderate,-19.852840342681674,19.852840342681674
punjab_agricultural_university_ludhiana_ppcb_2026-06-26,2026-06-26,"punjab agricultural university, ludhiana - ppcb",Ludhiana,Punjab,30.9028,75.8086,54.2087516784668,39.547718,108.41500091552734,102.828186,43.52041666666667,43.567627,74.2075,58.54309,90.21478731878872,65.44269601229963,105.92674557474635,102.21470078845952,54.166677350427356,54.225992838541664,74.2075,58.5430908203125,105.92674557474635,102.21470078845952,Moderate,Moderate,-3.7120447862868247,3.7120447862868247
punjabi_bagh_delhi_dpcc_2026-06-26,2026-06-26,"punjabi bagh, delhi - dpcc",Delhi,Delhi,28.674045,77.131023,39.0,60.022686,122.625,174.07979,17.092500686645508,19.074936,8.035,26.437326,64.51724137931035,,115.36828859060402,149.55636934626023,21.365625858306885,23.843669891357422,8.035,26.437326431274414,115.36828859060402,149.55636934626023,Moderate,Moderate,34.1880807556562,34.1880807556562
r_k_puram_delhi_dpcc_2026-06-26,2026-06-26,"r k puram, delhi - dpcc",Delhi,Delhi,28.563262,77.186937,30.166666666666668,44.98274,119.91666666666669,167.09894,34.89208333333333,35.36347,66.64375000000001,39.24798,,74.6260064223717,113.56879194630874,144.91808631436137,43.61510416666667,44.20433521270752,66.64375000000001,39.24797821044922,113.56879194630874,144.91808631436137,Moderate,Moderate,31.34929436805264,31.34929436805264
rohini_delhi_dpcc_2026-06-26,2026-06-26,"rohini, delhi - dpcc",Delhi,Delhi,28.73282,77.11992,39.0,57.45869,122.625,171.51039,17.092500686645508,16.042513,8.035,28.260553,64.51724137931035,95.7060635007661,115.36828859060402,147.84918612281749,21.365625858306885,20.053141117095947,8.035,28.26055335998535,115.36828859060402,147.84918612281749,Moderate,Moderate,32.48089753221346,32.48089753221346
sector_11_faridabad_hspcb_2026-06-26,2026-06-26,"sector 11, faridabad - hspcb",Faridabad,Haryana,28.37606,77.31574,137.86458333333334,95.29197,294.43041666666664,139.04526,24.874583333333334,24.903942,15.1,14.966726,313.94258720930236,215.65189519421807,244.43041666666664,126.27839261253408,31.093229166666667,31.12992763519287,15.1,14.966726303100586,313.94258720930236,215.65189519421807,Very Poor,Poor,-98.29069201508429,98.29069201508429
sector_30_faridabad_hspcb_2026-06-26,2026-06-26,"sector 30, faridabad - hspcb",Faridabad,Haryana,28.450124,77.3085,43.54666666666666,62.000668,92.84166666666664,147.32465,29.896666666666665,27.538523,35.693749999999994,20.738916,72.19954022988505,104.41607205621128,92.84166666666664,131.77946277592807,37.37083333333333,34.42315340042114,35.693749999999994,20.738916397094727,92.84166666666664,131.77946277592807,Satisfactory,Moderate,38.93779610926143,38.93779610926143
teri_gram_gurugram_hspcb_2026-06-26,2026-06-26,"teri gram, gurugram - hspcb",Gurugram,Haryana,28.423,77.1465,,59.126244,,151.0037,35.81541666666667,39.880566,37.87625,45.814674,,98.52365296462486,,134.22393000045878,44.76927083333334,49.850707054138184,37.87625,45.814674377441406,44.76927083333334,134.22393000045878,Good,Moderate,89.45465916712544,89.45465916712544
vikas_sadan_gurugram_hspcb_2026-06-26,2026-06-26,"vikas sadan, gurugram - hspcb",Gurugram,Haryana,28.45,77.026,,96.13338,,175.70335,,20.290045,40.105,31.831099,,218.52428725670123,,150.6351143241729,,25.362555980682373,40.105,31.831098556518555,40.105,218.52428725670123,Good,Poor,178.41928725670124,178.41928725670124
alipur_delhi_dpcc_2026-06-27,2026-06-27,"alipur, delhi - dpcc",Delhi,Delhi,28.815329,77.15301,53.04166666666666,47.71243,166.58333333333334,168.43105,10.062777777777775,19.345098,31.385,39.350502,88.24281609195401,79.23824218223835,144.5755033557047,145.80317790396262,12.578472222222219,24.181373119354248,31.385,39.350502014160156,144.5755033557047,145.80317790396262,Moderate,Moderate,1.2276745482579088,1.2276745482579088
anand_vihar_delhi_dpcc_2026-06-27,2026-06-27,"anand vihar, delhi - dpcc",Delhi,Delhi,28.646835,77.316032,56.770833333333336,57.82681,250.2083333333333,272.16623,43.38458333333333,49.085262,43.88000000000001,41.75513,94.54382183908046,96.3280564669905,,222.16622924804688,53.996014957264954,61.158406477708084,43.88000000000001,41.755130767822266,94.54382183908046,222.16622924804688,Satisfactory,Poor,127.62240740896641,127.62240740896641
ashok_vihar_delhi_dpcc_2026-06-27,2026-06-27,"ashok vihar, delhi - dpcc",Delhi,Delhi,28.695381,77.181665,42.895833333333336,45.011402,167.45833333333334,176.82632,23.856250762939453,26.417355,37.713750000000005,43.29467,71.09985632183908,74.67443808193865,145.15687919463087,151.38124913977296,29.820313453674316,33.02169322967529,37.713750000000005,43.29467010498047,145.15687919463087,151.38124913977296,Moderate,Moderate,6.224369945142087,6.224369945142087
bawana_delhi_dpcc_2026-06-27,2026-06-27,"bawana, delhi - dpcc",Delhi,Delhi,28.7762,77.051074,74.13636363636364,52.908016,137.3181818181818,169.28429,15.104166666666666,14.286561,13.05875,33.241783,145.84482758620692,88.01699289782294,125.13087248322148,146.37009639868,18.880208333333332,17.858201265335083,13.05875,33.241783142089844,145.84482758620692,146.37009639868,Moderate,Moderate,0.5252688124730867,0.5252688124730867
civil_line_jalandhar_ppcb_2026-06-27,2026-06-27,"civil line, jalandhar - ppcb",Jalandhar,Punjab,31.326,75.576,29.067083333333333,38.14381,90.89708333333334,90.4317,18.74416666666667,22.256489,45.94625,48.466217,48.44513888888889,63.0705759771939,90.89708333333334,90.43170166015625,23.430208333333336,27.820611000061035,45.94625,48.466217041015625,90.89708333333334,90.43170166015625,Satisfactory,Satisfactory,-0.46538167317709167,0.46538167317709167
golden_temple_amritsar_ppcb_2026-06-27,2026-06-27,"golden temple, amritsar - ppcb",Amritsar,Punjab,31.62,74.876,50.54916666666667,35.80933,98.66041666666666,94.32088,15.043749809265137,53.506218,72.28625,53.171394,84.03135057471266,59.12610928765659,98.66041666666666,94.32087707519531,18.80468726158142,66.7129405095027,72.28625,53.17139434814453,98.66041666666666,94.32087707519531,Satisfactory,Satisfactory,-4.33953959147135,4.33953959147135
hardev_nagar_bathinda_ppcb_2026-06-27,2026-06-27,"hardev nagar, bathinda - ppcb",Bathinda,Punjab,30.211,74.945,10.482500076293944,31.490246,47.28041666666667,86.09433,26.534166666666668,23.537855,,52.091152,17.470833460489906,51.82834638398269,47.28041666666667,86.09432983398438,33.16770833333334,29.422318935394287,,52.09115219116211,47.28041666666667,86.09432983398438,Good,Satisfactory,38.81391316731771,38.81391316731771
ito_delhi_cpcb_2026-06-27,2026-06-27,"ito, delhi - cpcb",Delhi,Delhi,28.628624,77.24106,46.34749984741211,41.50991,132.77791666666667,145.32701,44.88249969482422,45.05767,56.92125,49.935825,76.93198250079978,68.75812477901064,122.11418624161074,130.45217516598285,55.87801243708684,56.098098950508316,56.92125,49.93582534790039,122.11418624161074,130.45217516598285,Moderate,Moderate,8.337988924372112,8.337988924372112
mandir_marg_delhi_dpcc_2026-06-27,2026-06-27,"mandir marg, delhi - dpcc",Delhi,Delhi,28.636429,77.201067,36.04545454545455,37.916153,161.70833333333334,165.9089,14.189583333333331,28.01794,54.845,52.156815,59.525078369905955,62.68591361210264,141.33640939597316,144.12739327449927,17.736979166666664,35.02242565155029,54.845,52.15681457519531,141.33640939597316,144.12739327449927,Moderate,Moderate,2.790983878526106,2.790983878526106
model_town_patiala_ppcb_2026-06-27,2026-06-27,"model town, patiala - ppcb",Patiala,Punjab,30.3398,76.3869,35.946666666666665,31.732641,115.02333333333333,113.02338,13.9037504196167,14.970606,40.84,42.7083,59.358160919540225,52.23791102705331,110.31751677852348,108.98868637597,17.379688024520874,18.713257312774658,40.84,42.70830154418945,110.31751677852348,108.98868637597,Moderate,Moderate,-1.3288304025534785,1.3288304025534785
mundka_delhi_dpcc_2026-06-27,2026-06-27,"mundka, delhi - dpcc",Delhi,Delhi,28.684678,77.076574,49.125,59.50902,178.75,182.02069,108.6374969482422,81.25758,17.65875,23.75817,81.625,99.17041607560782,152.65939597315437,154.83253960321414,128.6374969482422,101.25758361816406,17.65875,23.758169174194336,152.65939597315437,154.83253960321414,Moderate,Moderate,2.1731436300597693,2.1731436300597693
murthal_sonipat_hspcb_2026-06-27,2026-06-27,"murthal, sonipat - hspcb",Sonipat,Haryana,29.0272,77.0621,60.21500015258789,53.23598,109.48249816894533,162.67906,6.098333333333334,12.9411545,100.78375,62.92807,,88.57114028930664,106.63602227332609,141.98139011459864,7.622916666666667,16.176443099975586,,62.928070068359375,106.63602227332609,141.98139011459864,Moderate,Moderate,35.34536784127255,35.34536784127255
najafgarh_delhi_dpcc_2026-06-27,2026-06-27,"najafgarh, delhi - dpcc",Delhi,Delhi,28.570173,76.933762,36.91304347826087,36.202496,107.91304347826087,129.43814,23.44333333333333,19.53509,41.87,45.388294,60.99100449775112,59.79042355767612,105.59323023052232,119.89514057748269,29.304166666666664,24.418861865997314,41.87,45.3882942199707,105.59323023052232,119.89514057748269,Moderate,Moderate,14.30191034696037,14.30191034696037
narela_delhi_dpcc_2026-06-27,2026-06-27,"narela, delhi - dpcc",Delhi,Delhi,28.822836,77.101981,58.07291666666666,57.601395,174.25,170.15332,19.24833333333333,14.618522,,25.046804,96.7438936781609,95.94718406940328,149.66946308724832,146.9475081270973,24.060416666666665,18.273152112960815,,25.046804428100586,149.66946308724832,146.9475081270973,Moderate,Moderate,-2.7219549601510096,2.7219549601510096
new_industrial_town_faridabad_hspcb_2026-06-27,2026-06-27,"new industrial town, faridabad - hspcb",Faridabad,Haryana,28.39072,77.30059,61.563751220703125,85.45015,123.4375,138.30968,20.04750061035156,23.378073,14.09125,30.766087,102.92453002929688,184.46775186472925,115.90813758389262,125.78965124347866,25.05937576293945,29.222590923309326,14.09125,30.76608657836914,115.90813758389262,184.46775186472925,Moderate,Moderate,68.55961428083663,68.55961428083663
nise_gwal_pahari_gurugram_iitm_2026-06-27,2026-06-27,"nise gwal pahari, gurugram - iitm",Gurugram,Haryana,28.42501,77.14819,45.41791666666666,45.251278,161.87208333333334,165.99756,5.457083333333333,11.906038,95.38625,79.62706,75.36130747126435,75.07974545709018,141.44520973154363,144.18629732067953,6.821354166666667,14.882547855377197,95.38625,79.62705993652344,141.44520973154363,144.18629732067953,Moderate,Moderate,2.7410875891359012,2.7410875891359012
patti_mehar_ambala_hspcb_2026-06-27,2026-06-27,"patti mehar, ambala - hspcb",Ambala,Haryana,30.3776,76.7769,38.69874954223633,46.637558,158.24318181818182,131.8943,23.746666666666663,25.265882,20.995,35.105854,64.00823198515793,77.42208073056977,139.03406040268456,121.52708680837746,29.68333333333333,31.582353115081787,20.995,35.10585403442383,139.03406040268456,121.52708680837746,Moderate,Moderate,-17.506973594307098,17.506973594307098
punjab_agricultural_university_ludhiana_ppcb_2026-06-27,2026-06-27,"punjab agricultural university, ludhiana - ppcb",Ludhiana,Punjab,30.9028,75.8086,47.602500915527344,35.56054,94.00541666666668,97.08729,39.205416666666665,40.23802,71.78875,56.27047,79.05250154692551,58.705738725333376,94.00541666666668,97.08728790283203,49.006770833333334,,71.78875,56.270469665527344,94.00541666666668,97.08728790283203,Satisfactory,Satisfactory,3.0818712361653553,3.0818712361653553
punjabi_bagh_delhi_dpcc_2026-06-27,2026-06-27,"punjabi bagh, delhi - dpcc",Delhi,Delhi,28.674045,77.131023,58.07291666666666,58.810753,174.25,180.65718,19.24833333333333,20.240114,,24.774519,96.7438936781609,97.99058243324018,149.66946308724832,153.9265832068936,24.060416666666665,25.300142765045166,,24.774518966674805,149.66946308724832,153.9265832068936,Moderate,Moderate,4.257120119645293,4.257120119645293
r_k_puram_delhi_dpcc_2026-06-27,2026-06-27,"r k puram, delhi - dpcc",Delhi,Delhi,28.563262,77.186937,46.79166666666666,47.012886,168.66666666666666,152.4587,39.75749969482422,36.87566,60.92375,43.008854,77.6824712643678,78.05625573520003,145.95973154362417,135.19067618350854,49.69687461853027,46.09457492828369,60.92375,43.008853912353516,145.95973154362417,135.19067618350854,Moderate,Moderate,-10.76905536011563,10.76905536011563
rimt_university_mandi_gobindgarh_ppcb_2026-06-27,2026-06-27,"rimt university, mandi gobindgarh - ppcb",Mandi Gobindgarh,Punjab,30.651,76.293,16.310416666666665,42.459328,51.23749923706055,106.42882,19.799999237060547,23.764954,38.71125,37.22268,27.184027777777775,70.36231231689453,51.23749923706055,104.60706682653235,24.749999046325684,29.706192016601562,38.71125,37.222679138183594,51.23749923706055,104.60706682653235,Satisfactory,Moderate,53.3695675894718,53.3695675894718
rohini_delhi_dpcc_2026-06-27,2026-06-27,"rohini, delhi - dpcc",Delhi,Delhi,28.73282,77.11992,58.07291666666666,59.4812,174.25,173.54514,19.24833333333333,15.9695835,,24.594702,96.7438936781609,99.12340887661638,149.66946308724832,149.20113029736,24.060416666666665,19.961979389190674,,24.594701766967773,149.66946308724832,149.20113029736,Moderate,Moderate,-0.46833278988830784,0.46833278988830784
sector_11_faridabad_hspcb_2026-06-27,2026-06-27,"sector 11, faridabad - hspcb",Faridabad,Haryana,28.37606,77.31574,142.24375,94.52272,263.9690476190476,155.29843,24.96083333333333,26.59497,25.07875,24.953825,317.3033430232558,213.02583839153422,213.96904761904761,137.0774812634359,31.20104166666666,33.24371337890625,25.07875,24.953824996948242,317.3033430232558,213.02583839153422,Very Poor,Poor,-104.2775046317216,104.2775046317216
sector_30_faridabad_hspcb_2026-06-27,2026-06-27,"sector 30, faridabad - hspcb",Faridabad,Haryana,28.450124,77.3085,56.37749862670898,57.722298,120.20791666666666,148.1961,29.83083333333333,31.027065,27.25125,20.848642,93.87922181754276,96.15146847428946,113.76230704697986,132.35848650836306,37.28854166666666,38.78383159637451,27.25125,20.848642349243164,113.76230704697986,132.35848650836306,Moderate,Moderate,18.5961794613832,18.5961794613832
teri_gram_gurugram_hspcb_2026-06-27,2026-06-27,"teri gram, gurugram - hspcb",Gurugram,Haryana,28.423,77.1465,62.65999984741211,58.956917,90.74458333333332,154.05396,35.937916666666666,38.157253,36.7575,48.812103,106.66689603082065,98.23754909120757,90.74458333333332,136.25061444788173,44.92239583333333,47.696566581726074,36.7575,48.812103271484375,106.66689603082065,136.25061444788173,Moderate,Moderate,29.58371841706108,29.58371841706108
vikas_sadan_gurugram_hspcb_2026-06-27,2026-06-27,"vikas sadan, gurugram - hspcb",Gurugram,Haryana,28.45,77.026,,89.13031,,184.33257,,19.655935,40.3125,27.584625,,197.031058475889,,156.36861721781275,,24.569919109344482,40.3125,27.584625244140625,40.3125,197.031058475889,Good,Moderate,156.718558475889,156.718558475889
alipur_delhi_dpcc_2026-06-28,2026-06-28,"alipur, delhi - dpcc",Delhi,Delhi,28.815329,77.15301,50.25,39.487694,172.75,162.19865,14.416111111111112,24.98575,33.6425,38.9569,83.52586206896552,65.34127570842874,148.67281879194633,141.6621930423199,18.02013888888889,31.232187747955322,33.6425,38.95690155029297,148.67281879194633,141.6621930423199,Moderate,Moderate,-7.010625749626428,7.010625749626428
anand_vihar_delhi_dpcc_2026-06-28,2026-06-28,"anand vihar, delhi - dpcc",Delhi,Delhi,28.646835,77.316032,67.52083333333333,50.287167,272.3541666666667,322.00125,50.553749084472656,49.243362,39.78,43.005615,123.26077586206895,83.5886607992238,222.35416666666669,272.0012512207031,63.00342833690154,61.357045100285454,39.78,43.005615234375,222.35416666666669,272.0012512207031,Poor,Poor,49.64708455403644,49.64708455403644
ashok_vihar_delhi_dpcc_2026-06-28,2026-06-28,"ashok vihar, delhi - dpcc",Delhi,Delhi,28.695381,77.181665,40.28125,39.578075,166.41666666666666,163.04793,27.201666666666668,28.52322,37.59,45.327526,66.68211206896552,65.4939894840635,144.46476510067114,142.22647555562475,34.00208333333333,35.654025077819824,37.59,45.3275260925293,144.46476510067114,142.22647555562475,Moderate,Moderate,-2.238289545046399,2.238289545046399
bawana_delhi_dpcc_2026-06-28,2026-06-28,"bawana, delhi - dpcc",Delhi,Delhi,28.7762,77.051074,59.45454545454545,40.81801,120.69565217391305,165.03464,14.029999732971191,15.437883,10.56875,28.309013,99.07836990595611,67.58904871447334,114.08637292092209,143.5465040782954,17.53749966621399,19.297354221343994,10.56875,28.30901336669922,114.08637292092209,143.5465040782954,Moderate,Moderate,29.460131157373326,29.460131157373326
civil_line_jalandhar_ppcb_2026-06-28,2026-06-28,"civil line, jalandhar - ppcb",Jalandhar,Punjab,31.326,75.576,28.835416666666664,32.292015,90.11041666666668,75.26096,17.86041666666667,18.624077,45.900000000000006,49.287926,48.05902777777777,53.18305995546538,90.11041666666668,75.2609634399414,22.325520833333336,23.28009605407715,45.900000000000006,49.287925720214844,90.11041666666668,75.2609634399414,Satisfactory,Satisfactory,-14.849453226725274,14.849453226725274
golden_temple_amritsar_ppcb_2026-06-28,2026-06-28,"golden temple, amritsar - ppcb",Amritsar,Punjab,31.62,74.876,42.82791666666666,37.71778,83.52041666666666,93.27153,25.083809523809524,41.297447,72.35374999999999,53.10408,70.98510057471263,62.3507335268218,83.52041666666666,93.27153015136719,31.354761904761904,51.37371571858724,72.35374999999999,53.10408020019531,83.52041666666666,93.27153015136719,Satisfactory,Satisfactory,9.751113484700525,9.751113484700525
ito_delhi_cpcb_2026-06-28,2026-06-28,"ito, delhi - cpcb",Delhi,Delhi,28.628624,77.24106,54.78833333333333,35.48759,145.07291666666666,141.16785,46.10875000000001,45.684547,55.5875,46.385227,91.1940804597701,58.58248098965349,130.28334731543623,127.68870349858432,57.41868589743591,56.885713430551384,55.5875,46.38522720336914,130.28334731543623,127.68870349858432,Moderate,Moderate,-2.5946438168519137,2.5946438168519137
mandir_marg_delhi_dpcc_2026-06-28,2026-06-28,"mandir marg, delhi - dpcc",Delhi,Delhi,28.636429,77.201067,40.73913043478261,33.518635,165.25,153.90236,26.46125030517578,28.565336,57.14875,49.498993,67.45577211394303,55.25562431072367,143.68959731543623,136.14988954275248,33.07656288146973,35.70667028427124,57.14875,49.498992919921875,143.68959731543623,136.14988954275248,Moderate,Moderate,-7.539707772683755,7.539707772683755
model_town_patiala_ppcb_2026-06-28,2026-06-28,"model town, patiala - ppcb",Patiala,Punjab,30.3398,76.3869,39.54916666666667,26.989212,120.80708333333332,107.153404,14.195416666666668,19.383999,40.6625,47.72594,65.44514367816093,44.98202006022136,114.1604110738255,105.08850348555802,17.744270833333335,24.22999858856201,40.6625,47.7259407043457,114.1604110738255,105.08850348555802,Moderate,Moderate,-9.071907588267479,9.071907588267479
mundka_delhi_dpcc_2026-06-28,2026-06-28,"mundka, delhi - dpcc",Delhi,Delhi,28.684678,77.076574,40.95652173913044,46.257626,180.875,175.1008,108.38666666666668,81.38645,20.9525,23.322657,67.82308845577212,76.78012597971949,154.07130872483222,150.234759439558,128.38666666666668,101.3864517211914,20.9525,23.322656631469727,154.07130872483222,150.234759439558,Moderate,Moderate,-3.8365492852742307,3.8365492852742307
murthal_sonipat_hspcb_2026-06-28,2026-06-28,"murthal, sonipat - hspcb",Sonipat,Haryana,29.0272,77.0621,148.94625,49.102604,270.81041666666664,155.14272,6.347083333333334,19.420742,118.27625,59.5645,322.44712209302327,81.58715833466628,220.81041666666664,136.97401899299365,7.933854166666667,24.275927543640137,126.52759328358209,59.56449890136719,322.44712209302327,136.97401899299365,Very Poor,Moderate,-185.47310310002962,185.47310310002962
najafgarh_delhi_dpcc_2026-06-28,2026-06-28,"najafgarh, delhi - dpcc",Delhi,Delhi,28.570173,76.933762,30.08333333333333,31.733704,106.33333333333331,135.59875,21.96125030517578,21.714571,52.38375,37.830254,,52.23970610519935,104.54362416107381,123.98843445233851,27.451562881469727,27.143213748931885,52.38375,37.83025360107422,104.54362416107381,123.98843445233851,Moderate,Moderate,19.4448102912647,19.4448102912647
narela_delhi_dpcc_2026-06-28,2026-06-28,"narela, delhi - dpcc",Delhi,Delhi,28.822836,77.101981,57.833333333333336,48.780365,182.4583333333333,169.05629,23.141666666666666,20.415966,,23.67544,96.33908045977012,81.04268567315464,155.12332214765098,146.21860857457924,28.927083333333332,25.519957542419434,,23.675439834594727,155.12332214765098,146.21860857457924,Moderate,Moderate,-8.904713573071746,8.904713573071746
new_industrial_town_faridabad_hspcb_2026-06-28,2026-06-28,"new industrial town, faridabad - hspcb",Faridabad,Haryana,28.39072,77.30059,53.10124969482422,69.11071,104.81791666666668,146.76411,20.05500030517578,24.38885,14.07125,30.068792,88.3434908636685,128.68828635380186,103.53673657718122,131.40702901750603,25.068750381469727,30.486061573028564,14.07125,30.06879234313965,103.53673657718122,131.40702901750603,Moderate,Moderate,27.870292440324818,27.870292440324818
nise_gwal_pahari_gurugram_iitm_2026-06-28,2026-06-28,"nise gwal pahari, gurugram - iitm",Gurugram,Haryana,28.42501,77.14819,46.501251220703125,47.735107,170.83416666666665,164.96124,5.836249828338623,13.008164,101.15375,75.17756,77.19176930394666,79.27656081627156,147.39988255033558,143.4977384221634,7.295312285423279,16.260205507278442,101.2271828358209,75.17755889892578,147.39988255033558,143.4977384221634,Moderate,Moderate,-3.902144128172182,3.902144128172182
patti_mehar_ambala_hspcb_2026-06-28,2026-06-28,"patti mehar, ambala - hspcb",Ambala,Haryana,30.3776,76.7769,42.63583333333333,40.80939,203.9499969482422,122.272255,23.89583333333333,25.719286,12.814285714285717,32.63767,70.6605459770115,67.57448827809301,169.40301810655018,115.13391435866387,29.86979166666666,32.149107456207275,12.814285714285717,32.63766860961914,169.40301810655018,115.13391435866387,Moderate,Moderate,-54.269103747886305,54.269103747886305
punjab_agricultural_university_ludhiana_ppcb_2026-06-28,2026-06-28,"punjab agricultural university, ludhiana - ppcb",Ludhiana,Punjab,30.9028,75.8086,52.567501068115234,35.94863,97.47166666666668,88.41416,39.91916666666666,45.499138,66.17,60.87351,87.44163973578091,59.361480449808056,97.47166666666668,88.4141616821289,49.898958333333326,56.65276297544822,66.17,60.87350845336914,97.47166666666668,88.4141616821289,Satisfactory,Satisfactory,-9.057504984537772,9.057504984537772
punjabi_bagh_delhi_dpcc_2026-06-28,2026-06-28,"punjabi bagh, delhi - dpcc",Delhi,Delhi,28.674045,77.131023,57.833333333333336,49.041214,182.4583333333333,175.26657,23.141666666666666,20.67922,,20.80763,96.33908045977012,81.48343053357354,155.12332214765098,150.34490290904205,28.927083333333332,25.8490252494812,,20.80763053894043,155.12332214765098,150.34490290904205,Moderate,Moderate,-4.778419238608933,4.778419238608933
r_k_puram_delhi_dpcc_2026-06-28,2026-06-28,"r k puram, delhi - dpcc",Delhi,Delhi,28.563262,77.186937,57.75,42.02612,196.41666666666663,159.95316,40.55791666666666,37.056866,70.62625,39.38841,96.19827586206897,69.63033939230031,164.39765100671138,140.17021742443112,,46.32108211517334,70.62625,39.38840866088867,164.39765100671138,140.17021742443112,Moderate,Moderate,-24.22743358228027,24.22743358228027
rimt_university_mandi_gobindgarh_ppcb_2026-06-28,2026-06-28,"rimt university, mandi gobindgarh - ppcb",Mandi Gobindgarh,Punjab,30.651,76.293,16.42833333333333,38.912525,51.01208333333333,99.39569,19.799999237060547,24.024784,37.74,44.847336,27.380555555555553,64.36943909217571,51.01208333333333,99.39569091796875,24.749999046325684,30.030980110168457,37.74,44.84733581542969,51.01208333333333,99.39569091796875,Satisfactory,Satisfactory,48.38360758463542,48.38360758463542
rohini_delhi_dpcc_2026-06-28,2026-06-28,"rohini, delhi - dpcc",Delhi,Delhi,28.73282,77.11992,57.833333333333336,43.212097,182.4583333333333,168.70332,23.141666666666666,18.95962,,21.616001,96.33908045977012,71.63423314587823,155.12332214765098,145.9840873359834,28.927083333333332,23.699524402618408,,21.61600112915039,155.12332214765098,145.9840873359834,Moderate,Moderate,-9.139234811667592,9.139234811667592
sector_11_faridabad_hspcb_2026-06-28,2026-06-28,"sector 11, faridabad - hspcb",Faridabad,Haryana,28.37606,77.31574,176.19875000000002,83.68326,,159.21277,24.97875022888184,26.781153,25.08375,25.907904,343.3618313953489,178.4359499174973,,139.67828246251048,31.2234377861023,33.47644090652466,25.08375,25.90790367126465,343.3618313953489,178.4359499174973,Very Poor,Moderate,-164.92588147785156,164.92588147785156
sector_30_faridabad_hspcb_2026-06-28,2026-06-28,"sector 30, faridabad - hspcb",Faridabad,Haryana,28.450124,77.3085,55.806251525878906,55.36089,118.96791666666668,163.94203,30.045000076293945,31.383755,22.79875,28.1709,92.91401119889883,92.16150283813477,112.93841442953021,142.82054465889132,37.55625009536743,39.22969341278076,22.79875,28.170900344848633,112.93841442953021,142.82054465889132,Moderate,Moderate,29.88213022936111,29.88213022936111
teri_gram_gurugram_hspcb_2026-06-28,2026-06-28,"teri gram, gurugram - hspcb",Gurugram,Haryana,28.423,77.1465,57.9375,62.583733,91.35583333333334,151.47133,33.99208333333333,39.248955,41.165000000000006,44.128403,96.51508620689656,106.4065354445885,91.35583333333334,134.53464124026715,42.49010416666667,49.06119346618652,41.165000000000006,44.12840270996094,96.51508620689656,134.53464124026715,Satisfactory,Moderate,38.019555033370594,38.019555033370594
vikas_sadan_gurugram_hspcb_2026-06-28,2026-06-28,"vikas sadan, gurugram - hspcb",Gurugram,Haryana,28.45,77.026,215.79208333333327,80.090866,239.76041666666663,188.03622,,21.229523,40.2725,28.846985,373.74741279069764,166.17226699302938,193.19651845637583,158.8294376654913,,26.536903381347656,40.2725,28.84698486328125,373.74741279069764,166.17226699302938,Very Poor,Moderate,-207.57514579766826,207.57514579766826
alipur_delhi_dpcc_2026-06-29,2026-06-29,"alipur, delhi - dpcc",Delhi,Delhi,28.815329,77.15301,53.458333333333336,54.710342,198.25,187.0465,10.053000450134276,22.039482,21.93375,39.941246,88.94683908045977,91.06230268807246,165.61577181208054,158.17183127179243,12.566250562667845,27.549352645874023,21.93375,39.941246032714844,165.61577181208054,158.17183127179243,Moderate,Moderate,-7.443940540288111,7.443940540288111
anand_vihar_delhi_dpcc_2026-06-29,2026-06-29,"anand vihar, delhi - dpcc",Delhi,Delhi,28.646835,77.316032,45.41666666666666,73.54187,251.9583333333333,313.54108,43.29958333333334,49.137516,32.04166666666667,54.248604,75.35919540229884,143.81534971039872,201.9583333333333,263.54107666015625,53.88922008547009,61.224058591402496,32.04166666666667,54.24860382080078,201.9583333333333,263.54107666015625,Poor,Poor,61.582743326822964,61.582743326822964
ashok_vihar_delhi_dpcc_2026-06-29,2026-06-29,"ashok vihar, delhi - dpcc",Delhi,Delhi,28.695381,77.181665,41.552083333333336,58.19633,185.0,183.11435,22.444166666666664,28.672733,25.5225,43.976112,68.82938218390805,96.95242138566641,156.81208053691276,155.55919857153157,28.05520833333333,35.84091663360596,25.5225,43.976112365722656,156.81208053691276,155.55919857153157,Moderate,Moderate,-1.2528819653811922,1.2528819653811922
bawana_delhi_dpcc_2026-06-29,2026-06-29,"bawana, delhi - dpcc",Delhi,Delhi,28.7762,77.051074,61.708333333333336,52.60401,153.41666666666666,167.75813,10.940833333333332,16.10202,8.34,32.954105,103.41810344827587,87.50332983608904,135.82718120805367,145.3560749028353,13.676041666666665,20.127525329589844,8.34,32.954105377197266,135.82718120805367,145.3560749028353,Moderate,Moderate,9.52889369478163,9.52889369478163
civil_line_jalandhar_ppcb_2026-06-29,2026-06-29,"civil line, jalandhar - ppcb",Jalandhar,Punjab,31.326,75.576,24.59708333333333,33.01381,76.81875000000001,68.97201,18.875833333333333,17.515509,49.89875,46.76561,40.99513888888889,54.40264313796471,76.81875000000001,68.97200775146484,23.594791666666666,21.894385814666748,49.89875,46.76560974121094,76.81875000000001,68.97200775146484,Satisfactory,Satisfactory,-7.846742248535165,7.846742248535165
golden_temple_amritsar_ppcb_2026-06-29,2026-06-29,"golden temple, amritsar - ppcb",Amritsar,Punjab,31.62,74.876,47.34916666666667,43.463017,92.21499633789062,97.12069,13.1899995803833,49.80441,72.345,49.32668,78.62445402298852,72.0582003100165,92.21499633789062,97.12068939208984,16.487499475479126,62.06194980327899,72.345,49.32667922973633,92.21499633789062,97.12068939208984,Satisfactory,Satisfactory,4.905693054199219,4.905693054199219
ito_delhi_cpcb_2026-06-29,2026-06-29,"ito, delhi - cpcb",Delhi,Delhi,28.628624,77.24106,37.26708333333333,47.896137,127.35083333333334,169.00227,45.37916666666666,44.71321,,51.742382,61.58920977011494,79.54864567723767,118.50827181208055,146.18271867380847,56.50202991452991,55.665316459460136,,51.74238204956055,118.50827181208055,146.18271867380847,Moderate,Moderate,27.674446861727915,27.674446861727915
mandir_marg_delhi_dpcc_2026-06-29,2026-06-29,"mandir marg, delhi - dpcc",Delhi,Delhi,28.636429,77.201067,26.043478260869566,40.994286,177.08333333333334,171.43423,21.859166666666667,27.874136,37.77,49.485157,43.40579710144928,67.88689633073477,151.5520134228188,147.79858541808673,27.323958333333334,34.84266996383667,37.77,49.48515701293945,151.5520134228188,147.79858541808673,Moderate,Moderate,-3.753428004732058,3.753428004732058
model_town_patiala_ppcb_2026-06-29,2026-06-29,"model town, patiala - ppcb",Patiala,Punjab,30.3398,76.3869,36.96041666666667,27.779558,119.77124786376952,102.08947,13.810416666666669,17.583036,40.70125,38.926674,61.07104885057471,46.299263636271164,113.47217139941733,101.72387598024919,17.263020833333336,21.978795528411865,40.70125,38.926673889160156,113.47217139941733,101.72387598024919,Moderate,Moderate,-11.748295419168144,11.748295419168144
mundka_delhi_dpcc_2026-06-29,2026-06-29,"mundka, delhi - dpcc",Delhi,Delhi,28.684678,77.076574,43.625,60.850903,201.4583333333333,215.23972,104.32291666666669,78.63747,12.2475,25.704845,72.33189655172414,,167.7474832214765,176.90424055061084,124.32291666666669,98.28809884878305,12.2475,25.704845428466797,167.7474832214765,176.90424055061084,Moderate,Moderate,9.156757329134336,9.156757329134336
murthal_sonipat_hspcb_2026-06-29,2026-06-29,"murthal, sonipat - hspcb",Sonipat,Haryana,29.0272,77.0621,,56.233383,,187.01958,5.888333333333333,17.629906,102.91125,52.55048,,93.63571640540815,,158.15394715174733,7.360416666666666,22.037382125854492,103.82408582089552,52.550479888916016,103.82408582089552,158.15394715174733,Moderate,Moderate,54.32986133085181,54.32986133085181
najafgarh_delhi_dpcc_2026-06-29,2026-06-29,"najafgarh, delhi - dpcc",Delhi,Delhi,28.570173,76.933762,32.0,40.12527,130.5,138.74109,23.725416666666664,21.590326,30.8575,45.712753,52.689655172413794,66.41856108040645,120.6006711409396,126.0762939453125,29.65677083333333,26.987907886505127,30.8575,45.71275329589844,120.6006711409396,126.0762939453125,Moderate,Moderate,5.475622804372904,5.475622804372904
narela_delhi_dpcc_2026-06-29,2026-06-29,"narela, delhi - dpcc",Delhi,Delhi,28.822836,77.101981,58.802083333333336,54.844677,196.21875,176.67989,20.817083333333333,16.367607,,23.560116,97.97593390804599,91.28928177932212,164.26614932885906,151.28395101048002,26.021354166666665,20.459508895874023,,23.560115814208984,164.26614932885906,151.28395101048002,Moderate,Moderate,-12.982198318379034,12.982198318379034
new_industrial_town_faridabad_hspcb_2026-06-29,2026-06-29,"new industrial town, faridabad - hspcb",Faridabad,Haryana,28.39072,77.30059,57.7287483215332,64.039215,115.04750061035156,129.19617,20.045000076293945,23.07371,14.07125,29.311508,96.16236785362507,111.37525150693696,110.33357423103895,119.73436598809774,25.05625009536743,28.8421368598938,14.07125,29.311508178710938,110.33357423103895,119.73436598809774,Moderate,Moderate,9.400791757058784,9.400791757058784
nise_gwal_pahari_gurugram_iitm_2026-06-29,2026-06-29,"nise gwal pahari, gurugram - iitm",Gurugram,Haryana,28.42501,77.14819,32.98041666666666,44.165108,171.31875,168.3545,5.759166666666666,13.12835,55.73,79.20028,54.34622126436781,73.24449236639614,147.72185402684562,145.75232373948066,7.198958333333333,16.41043782234192,55.73,79.20027923583984,147.72185402684562,145.75232373948066,Moderate,Moderate,-1.969530287364961,1.969530287364961
patti_mehar_ambala_hspcb_2026-06-29,2026-06-29,"patti mehar, ambala - hspcb",Ambala,Haryana,30.3776,76.7769,40.797916666666666,37.559933,162.4600067138672,104.067345,23.97083333333333,25.074915,12.68625,33.65758,67.55510057471264,62.08402423200936,141.83584338706612,103.03803437508192,29.963541666666664,31.34364366531372,12.68625,33.6575813293457,141.83584338706612,103.03803437508192,Moderate,Moderate,-38.7978090119842,38.7978090119842
punjab_agricultural_university_ludhiana_ppcb_2026-06-29,2026-06-29,"punjab agricultural university, ludhiana - ppcb",Ludhiana,Punjab,30.9028,75.8086,52.61291666666667,40.131657,105.22583333333334,92.67526,38.83124923706055,42.15213,76.71499999999999,54.007717,87.51837643678161,66.42935088585163,103.80776845637584,92.67526245117188,48.539061546325684,52.44754810822316,76.71499999999999,54.00771713256836,103.80776845637584,92.67526245117188,Moderate,Satisfactory,-11.132506005203965,11.132506005203965
punjabi_bagh_delhi_dpcc_2026-06-29,2026-06-29,"punjabi bagh, delhi - dpcc",Delhi,Delhi,28.674045,77.131023,58.802083333333336,58.732647,196.21875,191.41882,20.817083333333333,20.034222,,28.214725,97.97593390804599,97.85861035051016,164.26614932885906,161.07693624816486,26.021354166666665,25.042777061462402,,28.214725494384766,164.26614932885906,161.07693624816486,Moderate,Moderate,-3.189213080694202,3.189213080694202
r_k_puram_delhi_dpcc_2026-06-29,2026-06-29,"r k puram, delhi - dpcc",Delhi,Delhi,28.563262,77.186937,41.79166666666666,43.64048,185.9583333333333,171.72762,37.33590909090909,34.933056,51.44125,37.51645,69.23419540229884,72.35805248392039,157.4488255033557,147.9935162435442,46.669886363636365,43.666319847106934,51.44125,37.516448974609375,157.4488255033557,147.9935162435442,Moderate,Moderate,-9.455309259811486,9.455309259811486
rimt_university_mandi_gobindgarh_ppcb_2026-06-29,2026-06-29,"rimt university, mandi gobindgarh - ppcb",Mandi Gobindgarh,Punjab,30.651,76.293,24.71249961853028,40.764038,72.37875366210938,96.338356,19.799999237060547,24.058369,52.2725,42.54583,41.18749936421714,67.49785745554956,72.37875366210938,96.3383560180664,24.749999046325684,30.07296085357666,52.2725,42.54582977294922,72.37875366210938,96.3383560180664,Satisfactory,Satisfactory,23.95960235595703,23.95960235595703
rohini_delhi_dpcc_2026-06-29,2026-06-29,"rohini, delhi - dpcc",Delhi,Delhi,28.73282,77.11992,58.802083333333336,52.93241,196.21875,175.27715,20.817083333333333,15.248001,,21.365017,97.97593390804599,88.05821201719087,164.26614932885906,150.35192881334547,26.021354166666665,19.060001373291016,,21.36501693725586,164.26614932885906,150.35192881334547,Moderate,Moderate,-13.914220515513591,13.914220515513591
sector_11_faridabad_hspcb_2026-06-29,2026-06-29,"sector 11, faridabad - hspcb",Faridabad,Haryana,28.37606,77.31574,152.70791666666665,76.90447,285.239990234375,144.74664,25.10166666666667,26.057549,25.1,23.215702,325.3339825581395,155.29457802608096,235.239990234375,130.06656150049812,31.37708333333334,32.57193565368652,25.1,23.215702056884766,325.3339825581395,155.29457802608096,Very Poor,Moderate,-170.03940453205854,170.03940453205854
sector_30_faridabad_hspcb_2026-06-29,2026-06-29,"sector 30, faridabad - hspcb",Faridabad,Haryana,28.450124,77.3085,53.74791666666667,78.75488,114.5875015258789,161.3871,29.95499992370605,30.798803,25.25875,25.812296,89.43613505747126,161.61149649784483,110.02793725544974,141.1229726292143,37.44374990463256,38.49850416183472,25.25875,25.81229591369629,110.02793725544974,161.61149649784483,Moderate,Moderate,51.58355924239508,51.58355924239508
teri_gram_gurugram_hspcb_2026-06-29,2026-06-29,"teri gram, gurugram - hspcb",Gurugram,Haryana,28.423,77.1465,73.16684210526316,57.565002,136.89684210526315,154.75679,31.4247619047619,39.165165,37.18000000000001,46.998188,142.53508166969146,95.88569378030712,124.85092193571175,136.7175988318936,39.28095238095238,48.95645618438721,37.18000000000001,46.99818801879883,142.53508166969146,136.7175988318936,Moderate,Moderate,-5.817482837797854,5.817482837797854
vikas_sadan_gurugram_hspcb_2026-06-29,2026-06-29,"vikas sadan, gurugram - hspcb",Gurugram,Haryana,28.45,77.026,206.1021052631579,84.96902,268.80315789473684,178.15245,,19.540148,40.36875,32.573635,366.3109179926561,182.82526502938106,218.80315789473684,152.2623664804753,,24.425184726715088,40.36875,32.57363510131836,366.3109179926561,182.82526502938106,Very Poor,Moderate,-183.48565296327502,183.48565296327502
alipur_delhi_dpcc_2026-06-30,2026-06-30,"alipur, delhi - dpcc",Delhi,Delhi,28.815329,77.15301,45.04166666666666,37.866684,221.04166666666663,142.89372,9.84000015258789,20.262136,18.21125,37.89353,74.72557471264366,62.60232807027883,180.75922818791946,128.8354263817704,12.300000190734863,25.327670574188232,18.21125,37.893531799316406,180.75922818791946,128.8354263817704,Moderate,Moderate,-51.92380180614907,51.92380180614907
anand_vihar_delhi_dpcc_2026-06-30,2026-06-30,"anand vihar, delhi - dpcc",Delhi,Delhi,28.646835,77.316032,63.399166666666666,66.06678,325.53458333333333,260.02686,32.00833333333333,41.04385,33.34375,38.441765,109.19025862068965,118.29693892906452,275.53458333333333,210.02685546875,40.010416666666664,51.05509352072691,33.34375,38.44176483154297,275.53458333333333,210.02685546875,Poor,Poor,-65.50772786458333,65.50772786458333
ashok_vihar_delhi_dpcc_2026-06-30,2026-06-30,"ashok vihar, delhi - dpcc",Delhi,Delhi,28.695381,77.181665,39.875,43.526318,227.5,148.4747,22.227083333333336,25.256002,17.75,37.04828,65.99568965517241,72.16515731811523,185.0503355704698,132.5435932338638,27.78385416666667,31.570003032684326,17.75,37.04827880859375,185.0503355704698,132.5435932338638,Moderate,Moderate,-52.50674233660601,52.50674233660601
bawana_delhi_dpcc_2026-06-30,2026-06-30,"bawana, delhi - dpcc",Delhi,Delhi,28.7762,77.051074,59.43478260869565,45.68076,196.375,147.70506,14.225833333333334,17.047806,8.767499999999998,28.492779,99.04497751124438,75.80542110574656,164.36996644295303,132.0322229782207,17.782291666666666,21.309757232666016,8.767499999999998,28.492778778076172,164.36996644295303,132.0322229782207,Moderate,Moderate,-32.33774346473234,32.33774346473234
civil_line_jalandhar_ppcb_2026-06-30,2026-06-30,"civil line, jalandhar - ppcb",Jalandhar,Punjab,31.326,75.576,47.28041666666667,40.01921,96.79833333333332,78.87394,21.09583333333333,20.368427,50.54750000000001,44.475384,78.50829022988506,66.2393562053812,96.79833333333332,78.87393951416016,26.369791666666664,25.46053409576416,,44.47538375854492,96.79833333333332,78.87393951416016,Satisfactory,Satisfactory,-17.92439381917316,17.92439381917316
golden_temple_amritsar_ppcb_2026-06-30,2026-06-30,"golden temple, amritsar - ppcb",Amritsar,Punjab,31.62,74.876,51.65166666666667,39.128532,100.71499633789062,85.74625,14.545000076293944,45.683067,46.71625,47.277744,85.89419540229886,64.73441683012864,,85.74624633789062,18.181250095367428,56.883853814540764,46.71625,47.27774429321289,85.89419540229886,85.74624633789062,Satisfactory,Satisfactory,-0.14794906440823752,0.14794906440823752
ito_delhi_cpcb_2026-06-30,2026-06-30,"ito, delhi - cpcb",Delhi,Delhi,28.628624,77.24106,44.375416666666666,39.571243,166.6737518310547,136.8615,46.212501525878906,43.234043,,45.094574,73.59984195402299,65.4824455524313,144.6355800756672,124.82743692078046,57.549040378668366,53.80687469091171,,45.094573974609375,144.6355800756672,124.82743692078046,Moderate,Moderate,-19.80814315488675,19.80814315488675
mandir_marg_delhi_dpcc_2026-06-30,2026-06-30,"mandir marg, delhi - dpcc",Delhi,Delhi,28.636429,77.201067,34.82608695652174,35.334244,217.5,147.67435,16.512500762939453,25.7713,31.34,46.82337,57.46476761619191,58.323377411941,178.40604026845637,132.01181439905358,20.640625953674316,32.21412420272827,31.34,46.82337188720703,178.40604026845637,132.01181439905358,Moderate,Moderate,-46.39422586940279,46.39422586940279
model_town_patiala_ppcb_2026-06-30,2026-06-30,"model town, patiala - ppcb",Patiala,Punjab,30.3398,76.3869,42.57099914550781,32.284603,150.27954545454546,96.8459,14.0,15.191966,56.87857142857143,37.744804,70.55099855620286,53.170536304342335,133.74278523489932,96.84590148925781,17.5,18.989957571029663,56.87857142857143,37.74480438232422,133.74278523489932,96.84590148925781,Moderate,Satisfactory,-36.8968837456415,36.8968837456415
mundka_delhi_dpcc_2026-06-30,2026-06-30,"mundka, delhi - dpcc",Delhi,Delhi,28.684678,77.076574,46.958333333333336,52.94047,263.0833333333333,159.14764,93.08999633789062,77.913765,13.4075,23.324673,77.96408045977012,88.07183140721814,213.08333333333331,139.63501181378462,113.08999633789062,97.3788328904372,13.4075,23.32467269897461,213.08333333333331,139.63501181378462,Poor,Moderate,-73.4483215195487,73.4483215195487
murthal_sonipat_hspcb_2026-06-30,2026-06-30,"murthal, sonipat - hspcb",Sonipat,Haryana,29.0272,77.0621,175.30375,47.476574,279.46166666666664,134.76485,6.148333333333333,13.768249,95.74,50.830647,342.6749709302326,78.83972838829304,229.46166666666664,123.43436129781225,7.685416666666667,17.210310697555542,95.74,,342.6749709302326,123.43436129781225,Very Poor,Moderate,-219.24060963242033,219.24060963242033
najafgarh_delhi_dpcc_2026-06-30,2026-06-30,"najafgarh, delhi - dpcc",Delhi,Delhi,28.570173,76.933762,37.375,34.28595,207.66666666666663,140.95107,23.086250000000003,22.992008,26.58375,41.533333,61.77155172413793,56.55212191877694,171.8724832214765,127.54466739116899,28.857812500000005,28.740010261535645,26.58375,41.53333282470703,171.8724832214765,127.54466739116899,Moderate,Moderate,-44.327815830307514,44.327815830307514
narela_delhi_dpcc_2026-06-30,2026-06-30,"narela, delhi - dpcc",Delhi,Delhi,28.822836,77.101981,66.23958333333333,48.089184,221.8020833333333,147.45825,18.357500076293945,15.537627,10.105,22.530512,118.88685344827584,79.87482781245791,181.26447147651004,131.86823451919042,22.94687509536743,19.42203402519226,10.105,22.5305118560791,181.26447147651004,131.86823451919042,Moderate,Moderate,-49.396236957319616,49.396236957319616
new_industrial_town_faridabad_hspcb_2026-06-30,2026-06-30,"new industrial town, faridabad - hspcb",Faridabad,Haryana,28.39072,77.30059,71.12041666666667,95.30292,118.09250000000002,144.05579,19.96999931335449,22.018404,14.21625,27.983217,135.54900862068968,215.68927001953125,112.35676174496645,129.60753575267407,24.96249914169311,27.52300500869751,14.21625,27.983217239379883,135.54900862068968,215.68927001953125,Moderate,Poor,80.14026139884157,80.14026139884157
nise_gwal_pahari_gurugram_iitm_2026-06-30,2026-06-30,"nise gwal pahari, gurugram - iitm",Gurugram,Haryana,28.42501,77.14819,42.84249877929688,52.127197,208.12458333333333,164.64795,5.8254166666666665,14.356844,61.01125,77.19288,71.00973931674301,86.69767813846983,172.1767365771812,143.28957699769296,7.281770833333333,17.946054935455322,61.01125,77.19287872314453,172.1767365771812,143.28957699769296,Moderate,Moderate,-28.88715957948824,28.88715957948824
patti_mehar_ambala_hspcb_2026-06-30,2026-06-30,"patti mehar, ambala - hspcb",Ambala,Haryana,30.3776,76.7769,56.42499923706055,38.650032,178.9491304347826,89.75116,23.832083333333333,21.022457,15.03375,31.41304,93.9594814695161,63.925916211358434,152.79170411438577,89.75115966796875,29.790104166666666,26.278071403503418,15.03375,31.413040161132812,152.79170411438577,89.75115966796875,Moderate,Satisfactory,-63.040544446417016,63.040544446417016
punjab_agricultural_university_ludhiana_ppcb_2026-06-30,2026-06-30,"punjab agricultural university, ludhiana - ppcb",Ludhiana,Punjab,30.9028,75.8086,53.32041666666667,34.306717,106.63541666666669,88.96782,32.68083333333333,43.19095,66.94624999999999,56.44997,88.71380747126437,56.58721134580415,104.74433724832215,88.96781921386719,40.85104166666667,53.75273014948918,66.94624999999999,56.44997024536133,104.74433724832215,88.96781921386719,Moderate,Satisfactory,-15.776518034454966,15.776518034454966
punjabi_bagh_delhi_dpcc_2026-06-30,2026-06-30,"punjabi bagh, delhi - dpcc",Delhi,Delhi,28.674045,77.131023,66.23958333333333,48.954838,221.8020833333333,155.85475,18.357500076293945,18.59101,10.105,23.606821,118.88685344827584,81.33748455705313,181.26447147651004,137.44711682620465,22.94687509536743,23.23876142501831,10.105,23.606821060180664,181.26447147651004,137.44711682620465,Moderate,Moderate,-43.81735465030539,43.81735465030539
r_k_puram_delhi_dpcc_2026-06-30,2026-06-30,"r k puram, delhi - dpcc",Delhi,Delhi,28.563262,77.186937,49.333333333333336,48.845203,222.91666666666663,155.7775,28.29083333333333,34.886765,36.118750000000006,35.927017,81.97701149425288,81.15224022700869,182.00503355704694,137.39578615739043,35.36354166666666,43.608455657958984,36.118750000000006,35.92701721191406,182.00503355704694,137.39578615739043,Moderate,Moderate,-44.60924739965651,44.60924739965651
rimt_university_mandi_gobindgarh_ppcb_2026-06-30,2026-06-30,"rimt university, mandi gobindgarh - ppcb",Mandi Gobindgarh,Punjab,30.651,76.293,32.279998779296875,32.41655,90.30999755859376,80.86523,19.799999237060547,19.672432,38.83,38.88626,53.162756558122304,53.39348049821525,90.30999755859376,80.86522674560547,24.749999046325684,24.590539932250977,38.83,38.886260986328125,90.30999755859376,80.86522674560547,Satisfactory,Satisfactory,-9.444770812988295,9.444770812988295
rohini_delhi_dpcc_2026-06-30,2026-06-30,"rohini, delhi - dpcc",Delhi,Delhi,28.73282,77.11992,66.23958333333333,48.438145,221.8020833333333,150.80304,18.357500076293945,18.454306,10.105,25.175362,118.88685344827584,80.46445136234678,181.26447147651004,134.09061017132444,22.94687509536743,23.06788206100464,10.105,25.17536163330078,181.26447147651004,134.09061017132444,Moderate,Moderate,-47.173861305185596,47.173861305185596
sector_11_faridabad_hspcb_2026-06-30,2026-06-30,"sector 11, faridabad - hspcb",Faridabad,Haryana,28.37606,77.31574,189.60499572753903,98.66538,,154.20784,25.01083333333333,25.19211,25.06625,23.015604,353.65034555834393,227.16802952207368,,136.3528601115182,31.26354166666666,31.490137577056885,25.06625,23.01560401916504,353.65034555834393,227.16802952207368,Very Poor,Poor,-126.48231603627025,126.48231603627025
sector_30_faridabad_hspcb_2026-06-30,2026-06-30,"sector 30, faridabad - hspcb",Faridabad,Haryana,28.450124,77.3085,72.87208333333334,66.370804,155.36166666666665,142.17567,30.077916666666667,29.85334,24.31375,25.941948,141.52883620689656,119.33481308509563,137.11949664429528,128.3583340228804,37.59739583333334,37.31667518615723,24.31375,25.94194793701172,141.52883620689656,128.3583340228804,Moderate,Moderate,-13.170502184016158,13.170502184016158
teri_gram_gurugram_hspcb_2026-06-30,2026-06-30,"teri gram, gurugram - hspcb",Gurugram,Haryana,28.423,77.1465,121.66899871826172,63.537807,260.0144958496094,156.04887,27.97083333333333,40.49391,28.31375000000001,44.95481,301.51341762099156,109.6635496205297,210.01449584960938,137.57609742439834,34.963541666666664,,28.31375000000001,44.954811096191406,301.51341762099156,137.57609742439834,Very Poor,Moderate,-163.93732019659322,163.93732019659322
vikas_sadan_gurugram_hspcb_2026-06-30,2026-06-30,"vikas sadan, gurugram - hspcb",Gurugram,Haryana,28.45,77.026,207.01777777777767,65.17726,345.1016666666667,183.75014,,20.68049,34.18375,26.888586,367.01364341085264,115.26030599659887,295.1016666666667,155.9816348696715,,25.850613117218018,34.18375,26.888586044311523,367.01364341085264,155.9816348696715,Very Poor,Moderate,-211.03200854118114,211.03200854118114
