station,latitude,longitude,city,state
"alipur, delhi - dpcc",28.815329,77.15301,Delhi,Delhi
"anand vihar, delhi - dpcc",28.646835,77.316032,Delhi,Delhi
"ashok vihar, delhi - dpcc",28.695381,77.181665,Delhi,Delhi
"bawana, delhi - dpcc",28.7762,77.051074,Delhi,Delhi
"civil line, jalandhar - ppcb",31.326,75.576,Jalandhar,Punjab
"golden temple, amritsar - ppcb",31.62,74.876,Amritsar,Punjab
"hardev nagar, bathinda - ppcb",30.211,74.945,Bathinda,Punjab
"ito, delhi - cpcb",28.628624,77.24106,Delhi,Delhi
"mandir marg, delhi - dpcc",28.636429,77.201067,Delhi,Delhi
"model town, patiala - ppcb",30.3398,76.3869,Patiala,Punjab
"mundka, delhi - dpcc",28.684678,77.076574,Delhi,Delhi
"murthal, sonipat - hspcb",29.0272,77.0621,Sonipat,Haryana
"najafgarh, delhi - dpcc",28.570173,76.933762,Delhi,Delhi
"narela, delhi - dpcc",28.822836,77.101981,Delhi,Delhi
"new industrial town, faridabad - hspcb",28.39072,77.30059,Faridabad,Haryana
"nise gwal pahari, gurugram - iitm",28.42501,77.14819,Gurugram,Haryana
"patti mehar, ambala - hspcb",30.3776,76.7769,Ambala,Haryana
"punjab agricultural university, ludhiana - ppcb",30.9028,75.8086,Ludhiana,Punjab
"punjabi bagh, delhi - dpcc",28.674045,77.131023,Delhi,Delhi
"r k puram, delhi - dpcc",28.563262,77.186937,Delhi,Delhi
"rimt university, mandi gobindgarh - ppcb",30.651,76.293,Mandi Gobindgarh,Punjab
"rohini, delhi - dpcc",28.73282,77.11992,Delhi,Delhi
"sector 11, faridabad - hspcb",28.37606,77.31574,Faridabad,Haryana
"sector 30, faridabad - hspcb",28.450124,77.3085,Faridabad,Haryana
"teri gram, gurugram - hspcb",28.423,77.1465,Gurugram,Haryana
"vikas sadan, gurugram - hspcb",28.45,77.026,Gurugram,Haryana
