station,latitude,longitude,city,state,coordinate_status,coordinate_source,verified_latitude,verified_longitude,coordinate_difference_km
"alipur, delhi - dpcc",28.815329,77.15301,Delhi,Delhi,NEEDS_VERIFICATION,,,,
"anand vihar, delhi - dpcc",28.646835,77.316032,Delhi,Delhi,NEEDS_VERIFICATION,,,,
"ashok vihar, delhi - dpcc",28.695381,77.181665,Delhi,Delhi,NEEDS_VERIFICATION,,,,
"bawana, delhi - dpcc",28.7762,77.051074,Delhi,Delhi,NEEDS_VERIFICATION,,,,
"civil line, jalandhar - ppcb",31.326,75.576,Jalandhar,Punjab,NEEDS_VERIFICATION,,,,
"golden temple, amritsar - ppcb",31.62,74.876,Amritsar,Punjab,NEEDS_VERIFICATION,,,,
"hardev nagar, bathinda - ppcb",30.211,74.945,Bathinda,Punjab,NEEDS_VERIFICATION,,,,
"ito, delhi - cpcb",28.628624,77.24106,Delhi,Delhi,NEEDS_VERIFICATION,,,,
"mandir marg, delhi - dpcc",28.636429,77.201067,Delhi,Delhi,NEEDS_VERIFICATION,,,,
"model town, patiala - ppcb",30.3398,76.3869,Patiala,Punjab,NEEDS_VERIFICATION,,,,
"mundka, delhi - dpcc",28.684678,77.076574,Delhi,Delhi,NEEDS_VERIFICATION,,,,
"murthal, sonipat - hspcb",29.0272,77.0621,Sonipat,Haryana,NEEDS_VERIFICATION,,,,
"najafgarh, delhi - dpcc",28.570173,76.933762,Delhi,Delhi,NEEDS_VERIFICATION,,,,
"narela, delhi - dpcc",28.822836,77.101981,Delhi,Delhi,NEEDS_VERIFICATION,,,,
"new industrial town, faridabad - hspcb",28.39072,77.30059,Faridabad,Haryana,NEEDS_VERIFICATION,,,,
"nise gwal pahari, gurugram - iitm",28.42501,77.14819,Gurugram,Haryana,NEEDS_VERIFICATION,,,,
"patti mehar, ambala - hspcb",30.3776,76.7769,Ambala,Haryana,NEEDS_VERIFICATION,,,,
"punjab agricultural university, ludhiana - ppcb",30.9028,75.8086,Ludhiana,Punjab,NEEDS_VERIFICATION,,,,
"punjabi bagh, delhi - dpcc",28.674045,77.131023,Delhi,Delhi,NEEDS_VERIFICATION,,,,
"r k puram, delhi - dpcc",28.563262,77.186937,Delhi,Delhi,NEEDS_VERIFICATION,,,,
"rimt university, mandi gobindgarh - ppcb",30.651,76.293,Mandi Gobindgarh,Punjab,NEEDS_VERIFICATION,,,,
"rohini, delhi - dpcc",28.73282,77.11992,Delhi,Delhi,NEEDS_VERIFICATION,,,,
"sector 11, faridabad - hspcb",28.37606,77.31574,Faridabad,Haryana,NEEDS_VERIFICATION,,,,
"sector 30, faridabad - hspcb",28.450124,77.3085,Faridabad,Haryana,NEEDS_VERIFICATION,,,,
"teri gram, gurugram - hspcb",28.423,77.1465,Gurugram,Haryana,NEEDS_VERIFICATION,,,,
"vikas sadan, gurugram - hspcb",28.45,77.026,Gurugram,Haryana,NEEDS_VERIFICATION,,,,
