longitude,latitude,confidence,temperature
73.04650732817889,30.11601990010696,53,328.44
73.05549048102009,30.11601990010696,67,331.65
73.06447363386128,30.11601990010696,67,331.65
73.05549048102009,30.12500305294816,53,328.44
73.06447363386128,30.12500305294816,67,331.65
73.07345678670248,30.12500305294816,67,331.65
73.63041226285658,30.439413402389988,58,328.84
73.63939541569778,30.439413402389988,86,342.95
73.64837856853897,30.439413402389988,86,342.95
73.65736172138017,30.439413402389988,86,342.95
73.63041226285658,30.44839655523118,58,328.84
73.63939541569778,30.44839655523118,86,342.95
73.64837856853897,30.44839655523118,86,342.95
73.65736172138017,30.44839655523118,86,342.95
73.66634487422137,30.44839655523118,86,342.95
73.71126063842733,30.44839655523118,53,328.23
73.72024379126853,30.44839655523118,53,328.23
73.72922694410973,30.44839655523118,53,328.23
73.63939541569778,30.457379708072377,58,328.84
73.64837856853897,30.457379708072377,86,342.95
73.65736172138017,30.457379708072377,86,342.95
73.66634487422137,30.457379708072377,86,342.95
73.72024379126853,30.457379708072377,53,328.23
73.72922694410973,30.457379708072377,53,328.23
73.73821009695092,30.457379708072377,53,328.23
73.60346280433299,30.592127000690304,88,344.07
73.61244595717419,30.592127000690304,88,344.07
73.62142911001538,30.592127000690304,88,344.07
73.63041226285658,30.592127000690304,79,336.99
73.61244595717419,30.6011101535315,79,336.99
73.62142911001538,30.6011101535315,79,336.99
73.63041226285658,30.6011101535315,79,336.99
73.54956388728583,30.619076459213893,50,327.2
73.55854704012702,30.619076459213893,50,327.2
73.55854704012702,30.62805961205509,50,327.2
73.56753019296822,30.62805961205509,50,327.2
73.56753019296822,30.63704276489628,50,327.2
73.57651334580942,30.63704276489628,50,327.2
73.55854704012702,30.663992223419868,77,335.61
73.56753019296822,30.663992223419868,77,335.61
73.57651334580942,30.663992223419868,77,335.61
73.55854704012702,30.672975376261064,77,335.61
73.56753019296822,30.672975376261064,77,335.61
73.57651334580942,30.672975376261064,77,335.61
73.58549649865061,30.672975376261064,77,335.61
73.86397423672766,30.690941681943453,54,328.04
73.87295738956885,30.690941681943453,54,328.04
73.88194054241005,30.690941681943453,54,328.04
73.89092369525125,30.690941681943453,54,328.04
73.87295738956885,30.69992483478465,54,328.04
73.88194054241005,30.69992483478465,54,328.04
73.89092369525125,30.69992483478465,54,328.04
74.05262044639275,30.77179005751421,76,335.12
74.06160359923395,30.77179005751421,76,335.12
74.07058675207514,30.77179005751421,76,335.12
74.06160359923395,30.78077321035541,76,335.12
74.07058675207514,30.78077321035541,76,335.12
74.07956990491634,30.78077321035541,76,335.12
74.07058675207514,30.7897563631966,76,335.12
74.07956990491634,30.7897563631966,76,335.12
74.08855305775754,30.7897563631966,76,335.12
73.8010921668393,30.798739516037795,67,330.5
73.8100753196805,30.798739516037795,67,330.5
73.8100753196805,30.80772266887899,67,330.5
73.81905847252169,30.80772266887899,67,330.5
73.50464812307985,30.816705821720188,82,313.85
73.51363127592104,30.816705821720188,82,313.85
73.52261442876224,30.816705821720188,82,313.85
73.53159758160344,30.816705821720188,82,313.85
73.51363127592104,30.82568897456138,82,313.85
73.52261442876224,30.82568897456138,82,313.85
73.53159758160344,30.82568897456138,82,313.85
73.92685630661603,30.843655280243773,77,335.21
73.93583945945721,30.843655280243773,77,335.21
73.94482261229841,30.843655280243773,77,335.21
73.93583945945721,30.85263843308497,77,335.21
73.94482261229841,30.85263843308497,77,335.21
73.9538057651396,30.85263843308497,77,335.21
73.36091767762072,30.87060473876736,72,332.09
73.36990083046192,30.87060473876736,72,332.09
73.37888398330311,30.87060473876736,72,332.09
73.38786713614431,30.87060473876736,72,332.09
73.36990083046192,30.87958789160855,72,332.09
73.37888398330311,30.87958789160855,72,332.09
73.38786713614431,30.87958789160855,72,332.09
73.37888398330311,30.888571044449748,72,332.09
73.38786713614431,30.888571044449748,72,332.09
73.3968502889855,30.888571044449748,72,332.09
75.06771671744782,31.499425437651023,73,332.18
75.07669987028902,31.499425437651023,73,332.18
75.0856830231302,31.499425437651023,73,332.18
75.07669987028902,31.508408590492216,73,332.18
75.0856830231302,31.508408590492216,73,332.18
75.0946661759714,31.508408590492216,73,332.18
74.99585149471825,31.625189577427754,73,332.47
75.00483464755945,31.625189577427754,73,332.47
75.01381780040064,31.625189577427754,75,333.61
75.02280095324184,31.625189577427754,75,333.61
75.03178410608304,31.625189577427754,75,333.61
75.00483464755945,31.63417273026895,73,332.47
75.01381780040064,31.63417273026895,75,333.61
75.02280095324184,31.63417273026895,75,333.61
75.03178410608304,31.63417273026895,75,333.61
75.04076725892423,31.63417273026895,75,333.61
75.0856830231302,31.876717856981223,69,330.4
75.0946661759714,31.876717856981223,69,330.4
75.0946661759714,31.885701009822416,69,330.4
75.1036493288126,31.885701009822416,69,330.4
75.1036493288126,31.89468416266361,69,330.4
75.11263248165379,31.89468416266361,69,330.4
74.5377106998173,32.433673333135324,76,332.86
74.54669385265849,32.433673333135324,76,332.86
74.54669385265849,32.44265648597652,76,332.86
74.55567700549969,32.44265648597652,76,332.86
73.09142309238487,32.487572250182495,100,320.74
73.10040624522607,32.487572250182495,100,320.74
73.10938939806726,32.487572250182495,100,320.74
73.10040624522607,32.49655540302369,100,320.74
73.10938939806726,32.49655540302369,100,320.74
73.11837255090846,32.49655540302369,100,320.74
73.12735570374966,32.49655540302369,79,313.24
73.10938939806726,32.50553855586489,100,320.74
73.11837255090846,32.50553855586489,100,320.74
73.12735570374966,32.50553855586489,100,320.74
73.13633885659084,32.50553855586489,79,313.24
75.24737977427172,32.72113422405357,59,324.85
75.25636292711292,32.72113422405357,59,324.85
75.26534607995411,32.72113422405357,59,324.85
75.24737977427172,32.73011737689477,59,324.85
75.25636292711292,32.73011737689477,59,324.85
75.26534607995411,32.73011737689477,59,324.85
75.27432923279531,32.73011737689477,59,324.85
75.25636292711292,32.739100529735964,59,324.85
75.26534607995411,32.739100529735964,59,324.85
75.27432923279531,32.739100529735964,59,324.85
75.2833123856365,32.739100529735964,59,324.85
74.86110420210032,32.83791521098911,72,328.5
74.87008735494152,32.83791521098911,81,334.98
74.87907050778271,32.83791521098911,81,334.98
74.88805366062391,32.83791521098911,81,334.98
74.86110420210032,32.846898363830306,72,328.5
74.87008735494152,32.846898363830306,81,334.98
74.87907050778271,32.846898363830306,81,334.98
74.88805366062391,32.846898363830306,81,334.98
74.8970368134651,32.846898363830306,81,334.98
74.87907050778271,32.8558815166715,81,334.98
74.88805366062391,32.8558815166715,81,334.98
74.8970368134651,32.8558815166715,81,334.98
74.9060199663063,32.8558815166715,81,334.98
74.84313789641794,32.90079728087748,78,331.75
74.85212104925913,32.90079728087748,78,331.75
74.85212104925913,32.90978043371867,78,331.75
74.86110420210032,32.90978043371867,78,331.75
74.85212104925913,32.91876358655987,78,331.75
74.86110420210032,32.91876358655987,78,331.75
74.87008735494152,32.91876358655987,78,331.75
74.5377106998173,32.936729892242255,82,311.42
74.54669385265849,32.936729892242255,82,311.42
74.55567700549969,32.936729892242255,82,311.42
74.5377106998173,32.94571304508345,82,311.42
74.54669385265849,32.94571304508345,82,311.42
74.55567700549969,32.94571304508345,82,311.42
74.56466015834089,32.94571304508345,82,311.42
74.54669385265849,32.95469619792465,82,311.42
74.55567700549969,32.95469619792465,82,311.42
74.56466015834089,32.95469619792465,82,311.42
74.57364331118208,32.95469619792465,82,311.42
74.10651936343993,32.98164565644824,78,332.47
74.11550251628113,32.98164565644824,87,340.57
74.12448566912232,32.98164565644824,87,340.57
74.13346882196352,32.98164565644824,87,340.57
74.47482862992894,32.98164565644824,64,329.68
74.48381178277013,32.98164565644824,64,329.68
74.49279493561133,32.98164565644824,64,329.68
74.11550251628113,32.990628809289426,78,332.47
74.12448566912232,32.990628809289426,87,340.57
74.13346882196352,32.990628809289426,87,340.57
74.14245197480471,32.990628809289426,87,340.57
74.48381178277013,32.990628809289426,64,329.68
74.49279493561133,32.990628809289426,64,329.68
74.50177808845253,32.990628809289426,64,329.68
74.48381178277013,32.99961196213062,64,329.68
74.49279493561133,32.99961196213062,64,329.68
74.50177808845253,32.99961196213062,64,329.68
74.51076124129371,32.99961196213062,64,329.68
77.99622454367746,30.987385725702897,61,322.55
78.00520769651865,30.987385725702897,61,322.55
78.01419084935985,30.987385725702897,61,322.55
77.99622454367746,30.99636887854409,61,322.55
78.00520769651865,30.99636887854409,61,322.55
78.01419084935985,30.99636887854409,61,322.55
78.02317400220105,30.99636887854409,61,322.55
78.00520769651865,31.00535203138529,61,322.55
78.01419084935985,31.00535203138529,61,322.55
78.02317400220105,31.00535203138529,61,322.55
78.03215715504224,31.00535203138529,61,322.55
76.95417881409881,29.981272607489032,81,336.78
76.96316196694,29.981272607489032,81,336.78
76.9721451197812,29.981272607489032,81,336.78
76.95417881409881,29.990255760330225,81,336.78
76.96316196694,29.990255760330225,81,336.78
76.9721451197812,29.990255760330225,81,336.78
76.9811282726224,29.990255760330225,81,336.78
76.96316196694,29.99923891317142,81,336.78
76.9721451197812,29.99923891317142,81,336.78
76.9811282726224,29.99923891317142,81,336.78
77.10689241239913,30.56517754216672,67,327.99
77.11587556524033,30.56517754216672,67,327.99
77.12485871808153,30.56517754216672,67,327.99
77.13384187092272,30.56517754216672,67,327.99
77.11587556524033,30.574160695007915,67,327.99
77.12485871808153,30.574160695007915,67,327.99
77.13384187092272,30.574160695007915,67,327.99
77.12485871808153,30.58314384784911,67,327.99
77.13384187092272,30.58314384784911,67,327.99
77.14282502376392,30.58314384784911,67,327.99
75.57975642939594,31.03230148990887,78,334.8
75.58873958223714,31.03230148990887,78,334.8
75.59772273507834,31.03230148990887,78,334.8
75.58873958223714,31.041284642750067,78,334.8
75.59772273507834,31.041284642750067,78,334.8
75.60670588791953,31.041284642750067,78,334.8
76.85536413284566,31.1670487825268,89,343.24
76.86434728568686,31.1670487825268,89,343.24
76.87333043852806,31.1670487825268,89,343.24
76.86434728568686,31.176031935367995,89,343.24
76.87333043852806,31.176031935367995,89,343.24
76.88231359136925,31.176031935367995,89,343.24
76.87333043852806,31.18501508820919,89,343.24
76.88231359136925,31.18501508820919,89,343.24
76.89129674421045,31.18501508820919,89,343.24
77.32248808058782,31.265863463779947,63,322.59
77.33147123342901,31.265863463779947,63,322.59
77.34045438627021,31.265863463779947,63,322.59
77.3494375391114,31.265863463779947,63,322.59
77.33147123342901,31.274846616621144,63,322.59
77.34045438627021,31.274846616621144,63,322.59
77.3494375391114,31.274846616621144,63,322.59
75.4629754424604,31.3556949921919,74,331.5
75.4719585953016,31.3556949921919,74,331.5
75.4809417481428,31.3556949921919,74,331.5
75.489924900984,31.3556949921919,74,331.5
75.4719585953016,31.364678145033093,74,331.5
75.4809417481428,31.364678145033093,74,331.5
75.489924900984,31.364678145033093,74,331.5
75.49890805382519,31.364678145033093,74,331.5
75.4719585953016,31.37366129787429,52,324.38
75.4809417481428,31.37366129787429,74,331.5
75.489924900984,31.37366129787429,74,331.5
75.49890805382519,31.37366129787429,74,331.5
75.4809417481428,31.382644450715485,52,324.38
75.489924900984,31.382644450715485,52,324.38
75.49890805382519,31.382644450715485,52,324.38
76.84638098000447,31.445526520603853,79,331.0
76.85536413284566,31.445526520603853,79,331.0
76.86434728568686,31.445526520603853,79,331.0
76.85536413284566,31.454509673445045,79,331.0
76.86434728568686,31.454509673445045,79,331.0
76.87333043852806,31.454509673445045,79,331.0
76.86434728568686,31.46349282628624,79,331.0
76.87333043852806,31.46349282628624,79,331.0
76.88231359136925,31.46349282628624,79,331.0
76.50502117203905,31.571290660380583,69,306.67
76.51400432488025,31.571290660380583,89,314.13
76.52298747772144,31.571290660380583,89,314.13
76.53197063056264,31.571290660380583,89,314.13
76.54095378340384,31.571290660380583,89,314.13
76.54993693624503,31.571290660380583,77,309.28
76.50502117203905,31.58027381322178,69,306.67
76.51400432488025,31.58027381322178,69,306.67
76.52298747772144,31.58027381322178,89,314.13
76.53197063056264,31.58027381322178,89,314.13
76.54095378340384,31.58027381322178,89,314.13
76.54993693624503,31.58027381322178,89,314.13
76.55892008908623,31.58027381322178,77,309.28
76.51400432488025,31.589256966062976,69,306.67
76.52298747772144,31.589256966062976,89,314.13
76.53197063056264,31.589256966062976,89,314.13
76.54095378340384,31.589256966062976,89,314.13
76.54993693624503,31.589256966062976,89,314.13
76.55892008908623,31.589256966062976,89,314.13
76.56790324192743,31.589256966062976,77,309.28
76.19061082259722,31.61620642458656,68,327.52
76.19959397543842,31.61620642458656,68,327.52
76.20857712827961,31.61620642458656,68,327.52
76.19061082259722,31.625189577427754,68,327.52
76.19959397543842,31.625189577427754,68,327.52
76.20857712827961,31.625189577427754,68,327.52
76.21756028112081,31.625189577427754,68,327.52
75.84026786179061,31.643155883110147,82,336.91
75.8492510146318,31.643155883110147,82,336.91
75.858234167473,31.643155883110147,82,336.91
75.8672173203142,31.643155883110147,66,326.77
75.84026786179061,31.65213903595134,82,336.91
75.8492510146318,31.65213903595134,82,336.91
75.858234167473,31.65213903595134,82,336.91
75.8672173203142,31.65213903595134,82,336.91
75.8762004731554,31.65213903595134,66,326.77
75.858234167473,31.661122188792536,66,326.77
75.8672173203142,31.661122188792536,66,326.77
75.8762004731554,31.661122188792536,66,326.77
75.88518362599658,31.661122188792536,66,326.77
75.89416677883777,31.984515691075565,74,330.4
75.90314993167897,31.984515691075565,74,330.4
75.91213308452016,31.984515691075565,74,330.4
75.90314993167897,31.99349884391676,74,330.4
75.91213308452016,31.99349884391676,74,330.4
75.92111623736136,31.99349884391676,74,330.4
75.8492510146318,32.038414608122736,80,335.03
75.858234167473,32.038414608122736,80,335.03
75.8672173203142,32.038414608122736,80,335.03
75.858234167473,32.04739776096393,80,335.03
75.8672173203142,32.04739776096393,80,335.03
75.8762004731554,32.04739776096393,80,335.03
75.858234167473,32.05638091380513,80,335.03
75.8672173203142,32.05638091380513,80,335.03
75.8762004731554,32.05638091380513,80,335.03
75.88518362599658,32.05638091380513,80,335.03
76.0378972242969,32.41570702745293,68,308.02
76.0468803771381,32.41570702745293,68,308.02
76.05586352997929,32.41570702745293,68,308.02
76.0378972242969,32.42469018029413,68,308.02
76.0468803771381,32.42469018029413,68,308.02
76.05586352997929,32.42469018029413,68,308.02
76.06484668282049,32.42469018029413,68,308.02
75.91213308452016,32.52350486154728,92,346.69
75.92111623736136,32.52350486154728,92,346.69
75.93009939020256,32.52350486154728,92,346.69
75.91213308452016,32.53248801438847,92,346.69
75.92111623736136,32.53248801438847,92,346.69
75.93009939020256,32.53248801438847,92,346.69
75.93908254304375,32.53248801438847,92,346.69
76.10077929418527,32.55045432007086,59,321.78
76.10976244702647,32.55045432007086,59,321.78
76.11874559986765,32.55045432007086,59,321.78
76.10976244702647,32.55943747291206,59,321.78
76.11874559986765,32.55943747291206,59,321.78
76.12772875270885,32.55943747291206,59,321.78
76.11874559986765,32.568420625753255,59,321.78
76.12772875270885,32.568420625753255,59,321.78
76.13671190555004,32.568420625753255,59,321.78
76.0468803771381,32.64926900132401,71,326.03
76.05586352997929,32.64926900132401,71,326.03
76.06484668282049,32.64926900132401,71,326.03
76.07382983566168,32.64926900132401,57,303.92
76.05586352997929,32.658252154165204,71,326.03
76.06484668282049,32.658252154165204,71,326.03
76.07382983566168,32.658252154165204,71,326.03
76.08281298850288,32.658252154165204,57,303.92
75.4719585953016,32.712151071212375,74,308.22
75.4809417481428,32.712151071212375,74,308.22
75.489924900984,32.712151071212375,74,308.22
75.49890805382519,32.712151071212375,74,308.22
75.4809417481428,32.72113422405357,74,308.22
75.489924900984,32.72113422405357,74,308.22
75.49890805382519,32.72113422405357,74,308.22
75.489924900984,32.73011737689477,74,308.22
75.49890805382519,32.73011737689477,74,308.22
75.50789120666639,32.73011737689477,74,308.22
