station,PM25_N,PM25_MEDIAN_RESIDUAL,PM25_MEAN_RESIDUAL,PM25_MAD,PM25_SHRINKAGE,PM25_CORRECTION,PM10_N,PM10_MEDIAN_RESIDUAL,PM10_MEAN_RESIDUAL,PM10_MAD,PM10_SHRINKAGE,PM10_CORRECTION,NO2_N,NO2_MEDIAN_RESIDUAL,NO2_MEAN_RESIDUAL,NO2_MAD,NO2_SHRINKAGE,NO2_CORRECTION,O3_8H_N,O3_8H_MEDIAN_RESIDUAL,O3_8H_MEAN_RESIDUAL,O3_8H_MAD,O3_8H_SHRINKAGE,O3_8H_CORRECTION
"alipur, delhi - dpcc",22,2.1958491007486884,1.9152636972817283,2.6041094462076835,0.8461538461538461,1.8580261621719671,22,2.627105712890611,5.79065725459051,9.668532330056884,0.8461538461538461,2.222935603215132,22,1.4719950186687978,1.3019680770889037,1.6620998553953292,0.8461538461538461,1.2455342465659058,22,-1.5252494049072265,-1.2195165292318768,2.9034730529785158,0.8461538461538461,-1.2905956503061147
"anand vihar, delhi - dpcc",23,0.44556299845376657,1.302655545926054,3.689394632975265,0.8518518518518519,0.37955366534950485,22,-0.8981984456380303,3.645928174447317,7.100006103515597,0.8461538461538461,-0.7600140693860257,22,0.2944954427083353,0.704140857155885,2.6462368265787752,0.8461538461538461,0.24918845152243754,23,1.157000274658202,0.7695911440642,4.2393743896484395,0.8518518518518519,0.9855928265606906
"ashok vihar, delhi - dpcc",22,-2.642183708422113,-2.3484131174913387,4.559231209032461,0.8461538461538461,-2.2356939071264033,22,-4.4029769897460795,-2.911324283306199,15.056554821954265,0.8461538461538461,-3.725595914400529,22,0.4158590571085625,-0.19952387310209732,2.847923609415691,0.8461538461538461,0.35188074063032215,22,0.5028317260742199,2.006779310053046,5.113899536132813,0.8461538461538461,0.42547299898587837
"bawana, delhi - dpcc",23,0.2324111244895235,-2.3922611072027014,4.617530792598195,0.8518518518518519,0.19797984678737188,23,-11.159357706705777,-8.672558753618972,11.360260009765625,0.8518518518518519,-9.506119527934551,23,-1.1591148376464844,-0.8888340897491017,0.577482554117843,0.8518518518518519,-0.9873941209581163,23,-1.4198267364501937,0.16586661629054889,4.752679672241211,0.8518518518518519,-1.2094820347538688
"civil line, jalandhar - ppcb",23,-4.264349416097005,-2.351139133287513,7.077679850260417,0.8518518518518519,-3.632593947045597,23,-5.210056254069016,-5.345293428725092,7.254359741210941,0.8518518518518519,-4.438196068281014,22,-0.9729308764139812,-1.408190369282024,1.1559669494628917,0.8461538461538461,-0.8232492031195225,23,-4.127970733642577,-2.9066786193847647,3.740219268798832,0.8518518518518519,-3.516419513843677
"golden temple, amritsar - ppcb",23,1.70350351969401,2.3704240461708843,5.546128845214845,0.8518518518518519,1.45113262788749,23,2.4002541097005263,2.8572601716414776,10.904681701660138,0.8518518518518519,2.0446609082634115,22,-0.42928272247314503,0.5007349816557906,3.811292276093458,0.8461538461538461,-0.3632392267080458,23,2.148460540771481,0.8621986104834913,2.1638824462890724,0.8518518518518519,1.8301700902868172
"hardev nagar, bathinda - ppcb",21,-6.360491205851238,-3.8242374784869577,7.305950546264649,0.84,-5.34281261291504,21,-13.136512705485025,-6.0959364027150995,4.445836007254464,0.84,-11.03467067260742,23,1.6603717803955043,0.3870897366919231,4.202686309814457,0.8518518518518519,1.4143907758924665,0,0.0,0.0,0.0,0.0,0.0
"ito, delhi - cpcb",21,2.0566787719726562,1.6297502245221809,3.0926697285970093,0.84,1.727610168457031,21,-4.127960205078139,-6.202658134971183,6.1711502075195455,0.84,-3.4674865722656367,21,1.7736888631184868,2.523275628468347,1.506149698893232,0.84,1.4898986450195288,21,-2.641354522705072,-0.9059860800399255,6.06855619158064,0.84,-2.2187377990722603
"mandir marg, delhi - dpcc",19,-6.624598185221359,-6.595750292768509,2.3697923024495395,0.8260869565217391,-5.472494153008949,23,-0.40019480387371686,-0.6997156221309326,7.632041931152315,0.8518518518518519,-0.34090668478131436,23,-3.02254702250163,-2.604750107667247,2.1887700398762995,0.8518518518518519,-2.5747622784273148,23,2.1811941528320347,2.970267294178839,5.030629119873055,0.8518518518518519,1.8580542783384
"model town, patiala - ppcb",21,-2.632228342692059,-3.3905127706802536,3.793107477823895,0.84,-2.21107180786133,21,-2.522118123372394,-0.7316777712414151,10.486298116048175,0.84,-2.118579223632811,21,-1.5141611099243182,-1.7126111215245865,1.27229465302967,0.84,-1.2718953323364273,21,-0.9522862243652312,-0.765658426436167,1.821488800048833,0.84,-0.7999204284667942
"mundka, delhi - dpcc",22,-8.022110455278042,-5.9871316791680185,6.810399843298871,0.8461538461538461,-6.787939616004498,22,6.7291556648586095,9.958989878569296,13.9836522882635,0.8461538461538461,5.693900947188054,23,4.002954508463546,3.4441654510594204,2.602002665201823,0.8518518518518519,3.409924210913391,23,-1.586265640258791,-0.36327008454695986,1.7753199768066388,0.8518518518518519,-1.3512633231834146
"murthal, sonipat - hspcb",20,-5.907089233398441,3.8261227522252232,10.412419300908624,0.8333333333333334,-4.922574361165368,20,-9.961120656331396,-0.9732074884088903,23.601572607131214,0.8333333333333334,-8.300933880276164,22,-2.158585527015454,-0.8921924710708816,5.71041517307232,0.8461538461538461,-1.8264954459361533,22,-0.7455889892578149,4.525098574749836,10.54530799865723,0.8461538461538461,-0.6308829909104587
"najafgarh, delhi - dpcc",23,0.5393568674723319,-0.783178083960964,4.645222981770839,0.8518518518518519,0.4594521463653198,23,-2.787798674210265,-2.699961418042159,8.029635000919953,0.8518518518518519,-2.3747914632161518,23,-2.058826446533203,-0.5676417175898711,4.941605809529619,0.8518518518518519,-1.7538151211208768,23,3.0278094482421807,3.0127843679108226,4.962404937744154,0.8518518518518519,2.5792450855396356
"narela, delhi - dpcc",21,-2.1789169311523438,1.6599124726795016,7.399272918701172,0.84,-1.8302902221679687,21,-1.99551252885297,2.5328584264564533,9.198490027225318,0.84,-1.6762305242364948,21,-0.963673769632976,-0.4618069833422472,1.8928773244222032,0.84,-0.8094859664916998,21,-1.1228427124023455,-1.436110038757324,0.9142680740356468,0.84,-0.9431878784179701
"new industrial town, faridabad - hspcb",21,-4.67758994061014,0.7304312869547328,9.405621636432151,0.84,-3.9291755501125176,20,-7.210920675526495,1.293107625175277,29.85414790941322,0.8333333333333334,-6.009100562938746,23,-1.3866784922281923,-1.389591307132292,0.7033033752441398,0.8518518518518519,-1.1812446415277194,23,-0.163216934204101,-0.3317392697541606,2.021290588378907,0.8518518518518519,-0.1390366476553453
"nise gwal pahari, gurugram - iitm",23,-2.3409677389393693,-4.632089802165711,2.350329792188557,0.8518518518518519,-1.9941577035409441,23,-0.9223003088909252,-1.9705423854354271,10.942865901338848,0.8518518518518519,-0.7856632260922696,23,-2.6954145431518555,-2.383105857406838,0.5502588144938141,0.8518518518518519,-2.2960938700923212,23,1.7925518798828222,3.598171890922214,5.723025207519527,0.8518518518518519,1.5269886384187004
"patti mehar, ambala - hspcb",22,-1.7438147851695174,0.9963524262762996,8.825119094848636,0.8461538461538461,-1.47553558745113,22,2.517962443033838,2.334187436871929,5.079738769531261,0.8461538461538461,2.130583605644017,23,1.9419994354248011,1.7538223153146164,0.887685953776046,0.8518518518518519,1.6542958153618676,23,-3.5542555236816398,-4.133456354555876,6.38530288696289,0.8518518518518519,-3.0276991498028782
"punjab agricultural university, ludhiana - ppcb",23,2.0519447326660156,2.393187908035595,2.7538939921061214,0.8518518518518519,1.7479529204191986,23,0.08509297688800643,1.1289819287863199,4.772229512532576,0.8518518518518519,0.07248660994163511,23,1.8174695841471333,1.9275569042261085,1.8911353047688806,0.8518518518518519,1.5482148309401507,23,3.6126222229003915,3.9600755243716037,4.73337356567383,0.8518518518518519,3.077418930618852
"punjabi bagh, delhi - dpcc",21,3.412120819091797,4.294711794172015,7.020945231119789,0.84,2.8661814880371095,21,-0.703226725260464,0.32898138613837313,13.435048421223996,0.84,-0.5907104492187898,21,-2.378088556925455,-2.6575997718932145,1.6184972890218106,0.84,-1.997594387817382,21,-1.1800234985351565,-1.9834951636904756,1.4005750274658197,0.84,-0.9912197387695314
"r k puram, delhi - dpcc",22,1.8573684692382777,2.2018103618395632,2.211515426635742,0.8461538461538461,1.5716194739708504,21,-2.537251790364593,1.182260112785185,4.785707777824939,0.84,-2.131291503906258,22,1.082358067830402,1.8216349293654768,3.6499263254801395,0.8461538461538461,0.91584144201034,21,-0.9786543273925759,-2.7156908375227524,2.4527101135253915,0.84,-0.8220696350097637
"rimt university, mandi gobindgarh - ppcb",8,-3.001458558898042,0.8128001297384055,2.979470622850501,0.6666666666666666,-2.0009723725986945,8,-5.711489206949871,-1.5094164021809888,9.14320231119791,0.6666666666666666,-3.807659471299914,8,-2.847036221822103,-2.777756579717001,0.22081895192464174,0.6666666666666666,-1.898024147881402,8,0.981796264648441,0.9569053840637238,0.8058843994140616,0.6666666666666666,0.6545308430989607
"rohini, delhi - dpcc",21,1.697723388671875,3.4004293169294084,7.853977203369141,0.84,1.426087646484375,21,-1.1427866617839015,3.016590014184318,13.244338989257812,0.84,-0.9599407958984773,21,-0.6222532145182313,-0.5039058461264964,1.6363218434651703,0.84,-0.5226927001953143,21,-1.7738383483886722,-2.402682119097028,2.0842274475097646,0.84,-1.4900242126464847
"sector 11, faridabad - hspcb",23,0.871464436848953,0.6233586767136386,9.282753753662107,0.8518518518518519,0.7423585943528118,22,-3.109469909667986,-0.0359242348192662,22.233328693776897,0.8461538461538461,-2.6310899235652188,23,0.08795148213704351,0.19830533456111285,0.9214320373535116,0.8518518518518519,0.07492163293155558,23,-1.1930688476562494,-1.0696818923950193,1.828049163818358,0.8518518518518519,-1.016317907262731
"sector 30, faridabad - hspcb",20,4.07103977037513,-0.23874532594542436,5.196515780462725,0.8333333333333334,3.392533141979275,20,-5.315277165951933,-4.983578657340861,22.962641349926322,0.8333333333333334,-4.429397638293278,20,-0.10923132578531991,-0.026466770624189805,0.8485911543472948,0.8333333333333334,-0.09102610482109993,19,-6.723000183105469,0.23493781469818506,1.868651330130442,0.8260869565217391,-5.553782759956692
"teri gram, gurugram - hspcb",14,1.8848688761393255,1.8346826153945692,5.2390846506754585,0.7777777777777778,1.466009125886142,14,-5.54335637410481,-8.474360686368835,8.267153930664072,0.7777777777777778,-4.31149940208152,14,4.212154541015625,3.1081396101725725,1.4212687428792314,0.7777777777777778,3.2761201985677086,14,1.7616133880615266,-0.6461141749790728,2.677320480346676,0.7777777777777778,1.3701437462700763
"vikas sadan, gurugram - hspcb",17,4.2203140258789205,4.76285316791031,22.963597776993478,0.8095238095238095,3.416444687616269,17,22.815181329900582,13.670071434302418,19.05200241551256,0.8095238095238095,18.469432505157613,6,0.6059312820434588,0.16157189808194636,0.32001080830891837,0.6,0.3635587692260753,20,-3.416057319641112,-2.440126922425769,2.4941750208536764,0.8333333333333334,-2.8467144330342604
