longitude,latitude,u,v,speed
73.43727447677088,27.174037344615524,4.875514984130859,4.24265722433726,6.463032313373165
73.88643211883064,27.174037344615524,4.365835825602214,3.4993571043014526,5.595178513643404
74.3355897608904,27.174037344615524,4.526246388753255,3.055450956026713,5.461015191004914
74.78474740295016,27.174037344615524,5.340663909912109,1.6122645139694214,5.5787174029200255
75.23390504500992,27.174037344615524,4.602636973063151,0.8012306292851766,4.671855908213849
75.68306268706968,27.174037344615524,4.500308990478516,0.3038144508997599,4.510552541580386
76.13222032912944,27.174037344615524,4.320031483968099,0.0394152402877807,4.320211289236044
76.5813779711892,27.174037344615524,4.095218658447266,0.0616320371627807,4.095682405716959
77.03053561324896,27.174037344615524,3.980785369873047,0.1056511004765828,3.982187127198721
77.47969325530872,27.174037344615524,3.890514373779297,-0.0424608786900838,3.8907460748296656
77.92885089736849,27.174037344615524,3.7115465799967446,-0.2023971478144327,3.7170610192635993
78.37800853942825,27.174037344615524,2.98233413696289,-0.2695294618606567,2.9944887769542707
78.82716618148801,27.174037344615524,2.658262888590494,-0.299389640490214,2.675069296614639
73.43727447677088,27.623194986675284,5.479122161865234,3.7082130511601767,6.616012673615236
73.88643211883064,27.623194986675284,5.503851572672526,3.2684483925501504,6.401182471135587
74.3355897608904,27.623194986675284,5.329766591389974,2.818499763806661,6.029125379130451
74.78474740295016,27.623194986675284,5.12857182820638,1.4383880694707234,5.3264631074914845
75.23390504500992,27.623194986675284,4.587841033935547,0.8711807330449423,4.6698223972964445
75.68306268706968,27.623194986675284,4.489823659261067,0.5730850299199423,4.5262504286416565
76.13222032912944,27.623194986675284,4.111164093017578,0.2494829893112182,4.1187269831433
76.5813779711892,27.623194986675284,3.748742421468099,-0.0647425254185994,3.749301446551355
77.03053561324896,27.623194986675284,3.7366650899251295,-0.1116226116816202,3.738331927705699
77.47969325530872,27.623194986675284,3.4924049377441406,-0.0326507488886515,3.492557561527461
77.92885089736849,27.623194986675284,3.2301648457845054,0.0639818906784057,3.230798448259628
78.37800853942825,27.623194986675284,2.69753646850586,-0.0584304730097452,2.6981692161714403
78.82716618148801,27.623194986675284,2.287591298421224,-0.2397023439407348,2.300115467167504
73.43727447677088,28.072352628735047,5.082937876383464,1.6896774371465046,5.356422994571622
73.88643211883064,28.072352628735047,4.971233367919922,1.135291298230489,5.099220286490702
74.3355897608904,28.072352628735047,4.897604624430339,0.7484390338261923,4.954461831984996
74.78474740295016,28.072352628735047,4.63375727335612,0.172882596651713,4.636981222800647
75.23390504500992,28.072352628735047,3.817162831624349,-0.0250760316848754,3.817245196538923
75.68306268706968,28.072352628735047,2.971258799235026,-0.2415448427200317,2.98106067752339
76.13222032912944,28.072352628735047,2.669498443603516,-0.4263592958450317,2.703332053143872
76.5813779711892,28.072352628735047,2.589646657307943,-0.5783368349075317,2.653439900264761
77.03053561324896,28.072352628735047,2.595439910888672,-0.7369048992792765,2.698024677725465
77.47969325530872,28.072352628735047,2.048323313395182,-0.5440020163853964,2.11933163757577
77.92885089736849,28.072352628735047,1.300579071044922,-0.3124028444290161,1.3375729726812708
78.37800853942825,28.072352628735047,0.8801968892415365,-0.5708829164505005,1.0491205212584047
78.82716618148801,28.072352628735047,1.0320269266764324,-0.6681933005650839,1.2294559220668555
73.43727447677088,28.521510270794806,3.810123443603516,1.1179471413294475,3.9707488545995697
73.88643211883064,28.521510270794806,3.5397987365722656,0.7251236041386923,3.613305873672709
74.3355897608904,28.521510270794806,3.043865203857422,0.2945142189661662,3.058080117398371
74.78474740295016,28.521510270794806,2.4207369486490884,-0.7282913128534952,2.5279192255554306
75.23390504500992,28.521510270794806,2.176306406656901,-0.9574147462844848,2.3775938618819774
75.68306268706968,28.521510270794806,1.806524912516276,-0.8716005881627401,2.005796561176525
76.13222032912944,28.521510270794806,1.7700309753417969,-0.744061271349589,1.9200616732781788
76.5813779711892,28.521510270794806,1.9152997334798176,-0.8245679140090942,2.0852542564112344
77.03053561324896,28.521510270794806,1.9488258361816408,-0.8147183656692505,2.112270852690972
77.47969325530872,28.521510270794806,1.476398468017578,-0.5210947593053182,1.5656603030479246
77.92885089736849,28.521510270794806,0.894341786702474,-0.2822349468866984,0.937818637416804
78.37800853942825,28.521510270794806,0.8568611145019531,-0.4160112937291463,0.9525105595507734
78.82716618148801,28.521510270794806,0.859503428141276,-0.3333722352981567,0.9218910945737002
73.43727447677088,28.97066791285457,1.6161384582519531,0.5251660744349161,1.6993242545136522
73.88643211883064,28.97066791285457,1.2071673075358074,0.1605395078659057,1.2177954844591423
74.3355897608904,28.97066791285457,0.7910728454589844,-0.328900138537089,0.8567213945923672
74.78474740295016,28.97066791285457,1.0266278584798176,-1.5080955425898237,1.824367541200553
75.23390504500992,28.97066791285457,1.2411715189615886,-1.7594879070917766,2.153207940419043
75.68306268706968,28.97066791285457,1.328070322672526,-1.4637903769810994,1.9764749049016477
76.13222032912944,28.97066791285457,1.4672940572102864,-1.276525616645813,1.9448571927721567
76.5813779711892,28.97066791285457,1.7120933532714844,-1.3299873272577922,2.167978307313688
77.03053561324896,28.97066791285457,1.6546058654785156,-1.1326848268508911,2.005167196782887
77.47969325530872,28.97066791285457,1.129497528076172,-0.7378954490025839,1.3491680249653517
77.92885089736849,28.97066791285457,0.6599159240722656,-0.4526921510696411,0.8002619636620317
78.37800853942825,28.97066791285457,0.1801160176595052,-0.2024556398391723,0.2709798256701186
78.82716618148801,28.97066791285457,0.1746457417805989,-0.4163622458775838,0.4515070928726604
73.43727447677088,29.419825554914325,-0.039526621500651,0.2820541461308797,0.2848102792331684
73.88643211883064,29.419825554914325,-0.265600840250651,0.0251991351445515,0.2667935583065776
74.3355897608904,29.419825554914325,-0.0081469217936197,-0.5412020285924276,0.5412633444888636
74.78474740295016,29.419825554914325,0.666021982828776,-1.542210380236308,1.679880394111376
75.23390504500992,29.419825554914325,0.9869499206542968,-1.746520479520162,2.0060917055964462
75.68306268706968,29.419825554914325,1.2036298116048176,-1.6512751181920369,2.0433879316820813
76.13222032912944,29.419825554914325,1.4512367248535156,-1.610656221707662,2.16801787264062
76.5813779711892,29.419825554914325,1.6866213480631511,-1.6843943198521931,2.3836685584394264
77.03053561324896,29.419825554914325,1.5524406433105469,-1.5025553305943806,2.1604963486430737
77.47969325530872,29.419825554914325,0.9551531473795573,-1.0583020448684692,1.425594876927473
77.92885089736849,29.419825554914325,0.3477007548014323,-0.309362530708313,0.4654041150395402
78.37800853942825,29.419825554914325,0.1284980773925781,-0.3003941774368286,0.326723763646812
78.82716618148801,29.419825554914325,0.3158887227376302,-0.6217137575149536,0.6973619443561384
73.43727447677088,29.86898319697409,-0.4430783589680989,0.3686401446660359,0.5763800729078509
73.88643211883064,29.86898319697409,-0.3408495585123698,-0.0382494529088338,0.3429889826013402
74.3355897608904,29.86898319697409,0.0230674743652343,-0.7409510215123495,0.741310005769371
74.78474740295016,29.86898319697409,0.7321205139160156,-1.4058209657669067,1.585034079976342
75.23390504500992,29.86898319697409,1.1859219868977864,-1.6397483746210737,2.0236565150934203
75.68306268706968,29.86898319697409,1.4886080423990886,-1.7201736370722454,2.27485191728464
76.13222032912944,29.86898319697409,1.6747169494628906,-1.6581339438756306,2.35671063914322
76.5813779711892,29.86898319697409,1.6962267557779949,-1.6804499228795369,2.387697039057297
77.03053561324896,29.86898319697409,1.3076311747233074,-1.4290473858515422,1.937027547588672
77.47969325530872,29.86898319697409,0.5585416158040365,-0.783703605333964,0.962372109736373
77.92885089736849,29.86898319697409,-0.1337852478027343,-0.1393452882766723,0.1931724667092802
78.37800853942825,29.86898319697409,0.2351773579915364,-0.6186556418736776,0.6618483156539807
78.82716618148801,29.86898319697409,0.3570671081542969,-0.784222404162089,0.8616853827908648
73.43727447677088,30.31814083903385,-0.6720619201660156,0.1863917112350464,0.697430351041852
73.88643211883064,30.31814083903385,-0.2857449849446614,-0.3268783489863078,0.4341654655278782
74.3355897608904,30.31814083903385,0.1842486063639322,-1.0273775657018025,1.043768274788237
74.78474740295016,30.31814083903385,1.1380755106608074,-1.6974952618281047,2.043699105028605
75.23390504500992,30.31814083903385,1.451519012451172,-1.7541613181432087,2.276837581729787
75.68306268706968,30.31814083903385,1.5644315083821614,-1.608130892117818,2.2435531887170703
76.13222032912944,30.31814083903385,1.4814821879069011,-1.4118609031041462,2.0464947307040577
76.5813779711892,30.31814083903385,1.2222379048665364,-1.2579048077265422,1.7539070674907749
77.03053561324896,30.31814083903385,1.015740712483724,-1.0136891603469849,1.435024358260834
77.47969325530872,30.31814083903385,0.5649986267089844,-0.3915234804153442,0.6873965986965478
77.92885089736849,30.31814083903385,0.031592051188151,-0.2541956504185994,0.2561512958975799
78.37800853942825,30.31814083903385,0.1615180969238281,-0.2549178997675578,0.3017801041417372
78.82716618148801,30.31814083903385,-0.1290779113769531,-0.3855827252070109,0.4066142461639802
73.43727447677088,30.767298481093608,-0.6542523701985677,-0.1546129782994588,0.672273260638167
73.88643211883064,30.767298481093608,-0.0971082051595052,-0.8385347922643026,0.8441389703994465
74.3355897608904,30.767298481093608,0.5267219543457031,-1.2712359031041462,1.3760366050838806
74.78474740295016,30.767298481093608,1.4909807840983074,-1.6814849774042766,2.247312934992958
75.23390504500992,30.767298481093608,1.6058972676595051,-1.5332852602005005,2.2203309941142515
75.68306268706968,30.767298481093608,1.389825185139974,-1.3913836081822712,1.9666119063932463
76.13222032912944,30.767298481093608,1.3136838277180989,-1.211102286974589,1.7867663385913548
76.5813779711892,30.767298481093608,1.1546897888183594,-0.997991681098938,1.5262031004896013
77.03053561324896,30.767298481093608,1.0343157450358074,-1.169073224067688,1.560942428041789
77.47969325530872,30.767298481093608,0.9246101379394532,-0.8272725343704224,1.2406787470187746
77.92885089736849,30.767298481093608,0.4598859151204427,-0.5247339804967245,0.697739783310443
78.37800853942825,30.767298481093608,0.3260459899902344,-0.17500634988149,0.3700448757752964
78.82716618148801,30.767298481093608,0.109869639078776,-0.0324561993281046,0.1145632683984101
73.43727447677088,31.21645612315337,-0.2728284200032552,-0.2102096478144327,0.3444175413589448
73.88643211883064,31.21645612315337,0.4212354024251302,-0.8122044801712036,0.9149400974197364
74.3355897608904,31.21645612315337,0.934960683186849,-1.2025840679804485,1.5232727660093
74.78474740295016,31.21645612315337,1.7421862284342449,-1.2833933432896931,2.16386490524391
75.23390504500992,31.21645612315337,1.6435178120930989,-1.19548237323761,2.0323210630678203
75.68306268706968,31.21645612315337,1.4678942362467449,-1.2329083681106567,1.9169706656502847
76.13222032912944,31.21645612315337,1.4010098775227864,-1.1315480470657349,1.8008969042492942
76.5813779711892,31.21645612315337,0.7408739725748698,-0.8346781333287557,1.1160563737984048
77.03053561324896,31.21645612315337,0.364569346110026,-0.7331792116165161,0.818817784656457
77.47969325530872,31.21645612315337,0.4684613545735677,-0.6997789939244589,0.8421084734562583
77.92885089736849,31.21645612315337,0.3903414408365885,-0.5932701031366984,0.710166076147131
78.37800853942825,31.21645612315337,0.2157580057779947,-0.1362617413202921,0.2551838145434295
78.82716618148801,31.21645612315337,0.4402910868326823,0.0410415728886922,0.4421997872562609
73.43727447677088,31.66561376521313,0.7004508972167969,0.3953595558802287,0.8043262011383363
73.88643211883064,31.66561376521313,1.3054186503092449,-0.0406819581985473,1.3060524010536785
74.3355897608904,31.66561376521313,1.6019325256347656,-0.4945508241653442,1.6765346206891167
74.78474740295016,31.66561376521313,1.167535146077474,-0.5907180706659952,1.3084671017406224
75.23390504500992,31.66561376521313,0.5410601298014323,-0.6298759380976359,0.8303552019799235
75.68306268706968,31.66561376521313,0.1338920593261718,-0.7851697206497192,0.7965039697175158
76.13222032912944,31.66561376521313,-0.0547269185384114,-0.8989837567011515,0.9006480058409195
76.5813779711892,31.66561376521313,-0.2291069030761718,-0.6675142844518026,0.7057374107870126
77.03053561324896,31.66561376521313,-0.3390388488769531,-0.3020548423131307,0.4540753999201231
77.47969325530872,31.66561376521313,-0.1073290506998698,-0.3545005718866984,0.3703919283571545
77.92885089736849,31.66561376521313,0.1429710388183593,-0.5755190451939901,0.593011710948277
78.37800853942825,31.66561376521313,0.6620648701985677,0.089136004447937,0.6680382621077845
78.82716618148801,31.66561376521313,1.39944330851237,0.3116409381230672,1.4337230025546337
73.43727447677088,32.11477140727289,1.245232899983724,-0.2081064780553182,1.262502784713944
73.88643211883064,32.11477140727289,1.5675137837727864,-0.5011451641718546,1.6456749186551132
74.3355897608904,32.11477140727289,1.5032386779785156,-0.8446141481399536,1.724267839463688
74.78474740295016,32.11477140727289,0.891302744547526,-0.2435920635859171,0.923990084297444
75.23390504500992,32.11477140727289,0.4310010274251302,-0.2454180320103963,0.4959757010957026
75.68306268706968,32.11477140727289,0.085241953531901,-0.6517494122187296,0.6573001498321709
76.13222032912944,32.11477140727289,0.0263048807779947,-0.7163932720820109,0.7168760471916429
76.5813779711892,32.11477140727289,0.0087572733561197,-0.545623262723287,0.5456935354770467
77.03053561324896,32.11477140727289,-0.1350135803222656,-0.5616856813430786,0.5776845778599904
77.47969325530872,32.11477140727289,-0.4276237487792969,-0.5263615846633911,0.6781729781769659
77.92885089736849,32.11477140727289,0.1778068542480468,-0.299487551053365,0.3482930815470329
78.37800853942825,32.11477140727289,0.9304949442545573,-0.0927029848098754,0.935101430153944
78.82716618148801,32.11477140727289,1.3574358622233074,0.0389066139856974,1.357993315396569
73.43727447677088,32.56392904933265,1.2639249165852864,-0.4523551861445109,1.3424348808031463
73.88643211883064,32.56392904933265,1.4129981994628906,-0.572033683458964,1.5243970764525236
74.3355897608904,32.56392904933265,1.2561785380045574,-0.7913342714309692,1.484652972409529
74.78474740295016,32.56392904933265,0.5005022684733073,-0.7179140647252401,0.8751589141848712
75.23390504500992,32.56392904933265,0.3437131245930989,-0.5232653220494589,0.6260553563999552
75.68306268706968,32.56392904933265,-0.0373013814290364,-0.5565231243769327,0.557771800132256
76.13222032912944,32.56392904933265,-0.2129071553548177,-0.4459185202916463,0.4941384254845719
76.5813779711892,32.56392904933265,-0.285071055094401,-0.2624837160110473,0.3875089774748492
77.03053561324896,32.56392904933265,-0.3333168029785156,-0.3925445477167765,0.5149672932235476
77.47969325530872,32.56392904933265,-0.2657279968261719,-0.3386784791946411,0.430481684357006
77.92885089736849,32.56392904933265,0.5324923197428385,-0.1457908550898234,0.5520897064906493
78.37800853942825,32.56392904933265,1.4062283833821614,0.0227094093958536,1.4064117403892489
78.82716618148801,32.56392904933265,1.4061317443847656,0.1575271685918172,1.414928016335495
